participant_number,subexperiment_number,rest_time,time_subexperiment,accuracy_subexperiment,accuracy_total,answer_correct_subexperiment,answer_incorrect_subexperiment,feedback_score_subexperiment,trial_duration_1,trial_duration_2,trial_duration_3,trial_duration_4,trial_duration_mean,performance_subexperiment,feedback_score_tutorial_1,feedback_score_tutorial_2,feedback_score_tutorial_3,feedback_score_rest_1
2,1,300.00599999999986,121.68100000000004,50.0,46.875,2,2,5,45.052000000000135,11.149999999999864,33.85400000000004,28.17800000000011,29.558500000000038,1.6915608031530673,1,3,8,1
2,2,300.00599999999986,109.62699999999995,75.0,46.875,3,1,4,42.835000000000036,31.192999999999984,12.032999999999902,25.688000000000102,27.937250000000006,2.684587781546143,1,3,8,1
2,3,300.00599999999986,140.31499999999983,25.0,46.875,1,3,7,39.246999999999844,31.576000000000022,40.256000000000085,31.654999999999973,35.68349999999998,0.7006039205795399,1,3,8,1
2,4,300.00599999999986,89.45800000000008,25.0,46.875,1,3,7,15.026000000000067,22.374000000000024,23.822999999999865,30.13000000000011,22.838250000000016,1.0946548006086272,1,3,8,1
2,5,300.00599999999986,144.34500000000003,25.0,46.875,1,3,7,28.631999999999834,35.16100000000006,42.17000000000007,40.552000000000135,36.628750000000025,0.6825239736545742,1,3,8,1
2,6,300.00599999999986,126.91899999999987,75.0,46.875,3,1,7,25.311999999999898,34.152000000000044,22.338999999999942,47.71799999999985,32.38024999999993,2.316226712270602,1,3,8,1
2,7,300.00599999999986,122.38200000000006,75.0,46.875,3,1,6,37.70900000000029,18.524999999999636,34.03500000000031,33.766999999999825,31.009000000000015,2.418652649230867,1,3,8,1
2,8,300.00599999999986,126.63200000000006,25.0,46.875,1,3,7,33.31800000000021,20.679999999999836,27.38700000000017,45.246999999999844,31.658000000000015,0.7896898098426934,1,3,8,1
3,1,300.0095,92.54500000000007,25.0,78.125,1,3,6,15.986999999999853,21.585000000000036,30.735000000000127,38.3119999999999,26.65474999999998,0.9379191326123869,4,1,7,1
3,2,300.0095,55.68599999999992,100.0,78.125,4,0,2,25.40000000000009,9.707999999999856,9.07100000000014,15.042999999999893,14.805499999999995,6.7542467326331455,4,1,7,1
3,3,300.0095,95.07400000000007,75.0,78.125,3,1,3,19.124000000000024,31.988000000000056,19.909999999999854,29.64500000000021,25.166750000000036,2.980122582375551,4,1,7,1
3,4,300.0095,93.19999999999982,100.0,78.125,4,0,2,34.677999999999884,10.586999999999989,33.5630000000001,16.843999999999824,23.91799999999995,4.18095158458066,4,1,7,1
3,5,300.0095,78.32200000000012,75.0,78.125,3,1,3,15.993000000000166,19.412000000000035,13.63299999999981,32.759000000000015,20.449250000000006,3.6676161717422393,4,1,7,1
3,6,300.0095,93.39200000000005,75.0,78.125,3,1,4,13.286000000000058,22.810999999999922,23.479000000000042,39.11000000000013,24.671500000000037,3.03994487566625,4,1,7,1
3,7,300.0095,69.53499999999985,75.0,78.125,3,1,6,12.649999999999864,17.182999999999993,21.610000000000127,22.479000000000042,18.480500000000006,4.058331755093205,4,1,7,1
3,8,300.0095,82.37299999999982,100.0,78.125,4,0,7,15.670999999999822,21.593000000000075,31.396999999999935,13.711999999999989,20.593249999999955,4.85596008400812,4,1,7,1
4,1,300.0152999999999,128.1916,75.0,84.375,3,1,4,36.62760000000003,30.31549999999993,32.14350000000002,26.01679999999999,31.27584999999999,2.398016360866292,5,1,7,4
4,2,300.0152999999999,80.10100000000011,100.0,84.375,4,0,3,26.881000000000085,21.955999999999904,16.11200000000008,18.595000000000027,20.886000000000024,4.787896198410413,5,1,7,4
4,3,300.0152999999999,132.47000000000003,50.0,84.375,2,2,5,26.55399999999986,35.00700000000006,44.77600000000007,29.345000000000027,33.920500000000004,1.474034875665158,5,1,7,4
4,4,300.0152999999999,135.61299999999983,100.0,84.375,4,0,5,37.557000000000016,45.200999999999794,27.93300000000022,28.88499999999999,34.894000000000005,2.8658222043904393,5,1,7,4
4,5,300.0152999999999,99.10299999999984,100.0,84.375,4,0,6,26.011999999999944,28.71900000000005,19.759000000000015,30.49499999999989,26.246249999999975,3.81006810496738,5,1,7,4
4,6,300.0152999999999,100.94200000000001,75.0,84.375,3,1,7,42.55799999999999,13.076999999999998,20.829999999999927,27.48700000000008,25.988,2.8859473603201478,5,1,7,4
4,7,300.0152999999999,98.49499999999989,75.0,84.375,3,1,7,12.75,32.61799999999994,33.35699999999997,22.700000000000045,25.35624999999999,2.9578506285432598,5,1,7,4
4,8,300.0152999999999,113.47700000000009,100.0,84.375,4,0,8,30.037000000000035,35.75,34.9670000000001,12.722999999999956,28.369250000000022,3.5249433805969463,5,1,7,4
10,1,300.0045,169.0250000000001,75.0,68.75,3,1,3,42.87000000000012,38.500999999999976,15.807999999999993,23.40000000000009,30.144750000000045,2.4879954220884195,1,1,7,1
10,2,300.0045,92.92099999999982,75.0,68.75,3,1,4,28.159999999999854,27.248000000000047,25.673000000000002,31.45600000000013,28.13425000000001,2.6657899179825293,1,1,7,1
10,3,300.0045,184.56799999999998,0.0,68.75,0,4,6,47.65599999999995,41.21499999999992,47.697000000000116,51.27999999999997,46.96199999999999,0.0,1,1,7,1
10,4,300.0045,122.03199999999993,100.0,68.75,4,0,5,23.336000000000013,32.40499999999997,36.049999999999955,35.84999999999991,31.910249999999962,3.13378929967644,1,1,7,1
10,5,300.0045,157.93900000000008,100.0,68.75,4,0,4,44.011000000000195,37.562999999999874,45.72900000000004,33.78899999999999,40.273000000000025,2.4830531621682006,1,1,7,1
10,6,300.0045,116.29199999999992,50.0,68.75,2,2,6,35.67399999999998,26.462999999999965,26.263000000000147,31.958999999999833,30.08974999999998,1.6616954278450315,1,1,7,1
10,7,300.0045,104.90600000000018,75.0,68.75,3,1,3,23.70900000000006,18.713999999999942,31.996000000000095,33.69399999999996,27.028250000000014,2.7748744369317273,1,1,7,1
10,8,300.0045,138.31500000000005,75.0,68.75,3,1,4,26.8449999999998,26.144000000000233,47.68899999999985,37.63700000000017,34.578750000000014,2.1689621516104536,1,1,7,1
15,1,300.00249999999994,174.07399999999984,75.0,62.5,3,1,7,50.61900000000014,18.80099999999993,39.91599999999994,37.218000000000075,36.63850000000002,2.0470270344037,2,1,6,3
15,2,300.00249999999994,105.14300000000003,50.0,62.5,2,2,8,50.085000000000036,13.327999999999975,17.103000000000065,32.16300000000001,28.169750000000022,1.7749536293364323,2,1,6,3
15,3,300.00249999999994,167.7829999999999,75.0,62.5,3,1,9,47.266999999999825,31.153999999999996,43.05000000000018,50.22000000000003,42.92275000000001,1.7473251364369706,2,1,6,3
15,4,300.00249999999994,127.3599999999999,100.0,62.5,4,0,7,39.221000000000004,42.19899999999984,31.202999999999975,19.10900000000015,32.93299999999999,3.036467980445147,2,1,6,3
15,5,300.00249999999994,151.72399999999993,75.0,62.5,3,1,9,50.23699999999985,32.53300000000013,31.15300000000002,40.89300000000003,38.70400000000001,1.9377842083505576,2,1,6,3
15,6,300.00249999999994,121.98799999999983,50.0,62.5,2,2,9,11.322999999999865,36.59899999999993,25.605999999999995,51.003000000000156,31.132749999999987,1.6060258088347485,2,1,6,3
15,7,300.00249999999994,129.42499999999973,25.0,62.5,1,3,9,21.057999999999993,43.12699999999995,31.53800000000001,35.58100000000013,32.82600000000002,0.7615914214342285,2,1,6,3
15,8,300.00249999999994,126.25599999999986,50.0,62.5,2,2,9,17.460999999999785,33.152000000000044,37.11299999999983,38.5300000000002,31.563999999999965,1.584083132682805,2,1,6,3
16,1,300.0060000000001,132.40499999999997,75.0,68.75,3,1,3,22.014000000000124,17.745999999999867,39.093000000000075,19.003999999999905,24.464249999999993,3.0656979061283307,1,1,5,2
16,2,300.0060000000001,54.61400000000003,100.0,68.75,4,0,2,20.013000000000147,9.212999999999965,12.410000000000082,17.60199999999986,14.809500000000014,6.752422431547311,1,1,5,2
16,3,300.0060000000001,72.32999999999993,75.0,68.75,3,1,3,11.91800000000012,23.139999999999873,26.42100000000005,13.89799999999991,18.844249999999988,3.979993897342693,1,1,5,2
16,4,300.0060000000001,77.66500000000019,75.0,68.75,3,1,4,19.75500000000011,21.177999999999884,26.937000000000126,13.16599999999994,20.259000000000015,3.702058344439506,1,1,5,2
16,5,300.0060000000001,81.91300000000001,75.0,68.75,3,1,5,24.391000000000076,27.452999999999975,16.791999999999916,15.947000000000116,21.14575000000002,3.5468120071409115,1,1,5,2
16,6,300.0060000000001,60.605999999999995,75.0,68.75,3,1,6,13.787000000000035,18.876999999999953,15.130999999999858,17.17600000000016,16.24275,4.617444706099644,1,1,5,2
16,7,300.0060000000001,59.15099999999984,75.0,68.75,3,1,6,9.22199999999998,11.628999999999905,25.055000000000064,15.523999999999887,15.357499999999959,4.883607357968432,1,1,5,2
16,8,300.0060000000001,61.825000000000045,0.0,68.75,0,4,7,23.922000000000025,4.207000000000107,9.218000000000075,24.477999999999838,15.456250000000011,0.0,1,1,5,2
20,1,300.00699999999995,184.24399999999991,75.0,75.0,3,1,4,24.554999999999836,35.677000000000135,46.909999999999854,28.27300000000014,33.85374999999999,2.2154118819923947,3,2,8,1
20,2,300.00699999999995,124.048,100.0,75.0,4,0,4,29.365999999999985,30.412000000000035,22.423000000000002,44.83399999999983,31.758749999999964,3.1487385366237683,3,2,8,1
20,3,300.00699999999995,122.94100000000003,75.0,75.0,3,1,4,31.187000000000126,30.44100000000003,30.208999999999833,33.39499999999998,31.307999999999993,2.3955538520505946,3,2,8,1
20,4,300.00699999999995,109.7170000000001,75.0,75.0,3,1,4,43.7030000000002,20.478999999999814,31.25200000000018,16.144000000000005,27.89450000000005,2.688702073885528,3,2,8,1
20,5,300.00699999999995,121.19999999999982,50.0,75.0,2,2,5,35.299999999999955,21.322999999999865,22.478000000000065,43.90300000000002,30.750999999999976,1.6259633833046092,3,2,8,1
20,6,300.00699999999995,95.93500000000017,50.0,75.0,2,2,5,17.26800000000003,29.154999999999973,19.534999999999854,31.608000000000175,24.391500000000008,2.0498944304368316,3,2,8,1
20,7,300.00699999999995,121.57999999999993,100.0,75.0,4,0,4,25.82900000000018,33.35699999999997,42.41300000000001,23.609999999999673,31.302249999999958,3.1946585309362785,3,2,8,1
20,8,300.00699999999995,131.64000000000033,75.0,75.0,3,1,5,15.882000000000062,31.363000000000284,42.259000000000015,42.13599999999997,32.91000000000008,2.278942570647214,3,2,8,1
21,1,300.00299999999993,123.9090000000001,100.0,78.125,4,0,1,35.807000000000016,19.55600000000004,22.58199999999988,26.894999999999982,26.20999999999998,3.8153376573826816,1,1,6,1
21,2,300.00299999999993,89.47000000000003,100.0,78.125,4,0,2,26.937000000000126,26.644999999999982,17.867999999999938,21.16599999999994,23.153999999999996,4.318908180012094,1,1,6,1
21,3,300.00299999999993,69.54300000000012,100.0,78.125,4,0,2,18.298999999999978,24.427000000000135,14.68899999999985,15.142000000000053,18.139250000000004,5.512907093733201,1,1,6,1
21,4,300.00299999999993,73.78600000000006,75.0,78.125,3,1,2,17.798000000000002,22.692000000000007,17.623000000000047,18.0150000000001,19.03200000000004,3.940731399747785,1,1,6,1
21,5,300.00299999999993,98.08699999999999,25.0,78.125,1,3,5,29.832999999999856,7.904999999999973,32.67399999999998,29.94100000000003,25.08824999999996,0.9964824170677524,1,1,6,1
21,6,300.00299999999993,73.02300000000014,75.0,78.125,3,1,5,17.30899999999997,18.77500000000009,18.162000000000035,20.646999999999935,18.723250000000007,4.005714819809594,1,1,6,1
21,7,300.00299999999993,74.52800000000002,100.0,78.125,4,0,4,13.200000000000045,19.91899999999987,20.811999999999898,24.162000000000262,19.52325000000002,5.122098011345442,1,1,6,1
21,8,300.00299999999993,90.41399999999976,50.0,78.125,2,2,7,20.746000000000095,24.799999999999727,20.957000000000335,23.910999999999603,22.60349999999994,2.21204680691044,1,1,6,1
22,1,300.00800000000004,71.298,50.0,87.5,2,2,4,21.608999999999924,11.97199999999998,20.66300000000001,16.260999999999967,17.62624999999997,2.8366782497695247,1,2,5,1
22,2,300.00800000000004,63.480999999999995,100.0,87.5,4,0,4,24.037000000000035,12.150000000000091,11.092999999999847,19.422000000000025,16.6755,5.9968216845072115,1,2,5,1
22,3,300.00800000000004,74.90000000000009,100.0,87.5,4,0,4,17.079999999999927,25.624000000000024,19.03300000000013,16.74000000000001,19.619250000000022,5.097034800005091,1,2,5,1
22,4,300.00800000000004,56.41599999999994,100.0,87.5,4,0,3,17.560999999999922,14.224999999999909,17.13500000000022,10.526999999999816,14.861999999999966,6.728569506123014,1,2,5,1
22,5,300.00800000000004,74.99099999999999,100.0,87.5,4,0,5,15.048000000000002,26.479000000000042,18.317000000000007,19.386999999999944,19.80775,5.048528984867034,1,2,5,1
22,6,300.00800000000004,65.97300000000018,75.0,87.5,3,1,5,9.151000000000067,22.21199999999999,22.583000000000084,19.44699999999989,18.348250000000007,4.08758328450942,1,2,5,1
22,7,300.00800000000004,73.77700000000004,75.0,87.5,3,1,6,11.745000000000118,10.174999999999955,34.60400000000004,19.758000000000038,19.070500000000038,3.9327757531265486,1,2,5,1
22,8,300.00800000000004,87.13099999999986,100.0,87.5,4,0,5,17.56399999999985,18.064000000000078,20.67100000000005,30.83199999999988,21.782749999999965,4.590788582708803,1,2,5,1
23,1,300.00339999999994,112.83200000000011,75.0,84.375,3,1,3,48.192999999999984,16.947999999999865,16.980999999999995,17.60200000000009,24.930999999999983,3.0083029160482955,4,2,6,1
23,2,300.00339999999994,54.565000000000055,100.0,84.375,4,0,3,16.94699999999989,15.912000000000035,7.578999999999951,20.166000000000167,15.15100000000001,6.600224407629855,4,2,6,1
23,3,300.00339999999994,67.07199999999989,75.0,84.375,3,1,4,25.500999999999976,15.724999999999909,15.195000000000164,21.784999999999854,19.551499999999976,3.8360228115489905,4,2,6,1
23,4,300.00339999999994,62.587999999999965,100.0,84.375,4,0,4,18.174999999999955,13.855000000000018,18.291000000000167,17.395999999999958,16.929250000000025,5.906936219856158,4,2,6,1
23,5,300.00339999999994,81.74800000000005,50.0,84.375,2,2,6,18.66599999999994,22.912000000000035,15.720000000000027,38.909999999999854,24.051999999999964,2.0788292033926523,4,2,6,1
23,6,300.00339999999994,61.03899999999999,100.0,84.375,4,0,4,14.960000000000036,12.22199999999998,15.298999999999978,24.766000000000076,16.811750000000018,5.948220738471599,4,2,6,1
23,7,300.00339999999994,115.62799999999993,100.0,84.375,4,0,6,14.396999999999935,29.81600000000003,46.18100000000004,40.41300000000001,32.701750000000004,3.057940324294571,4,2,6,1
23,8,300.00339999999994,90.53999999999996,75.0,84.375,3,1,7,21.394999999999982,10.560999999999922,20.503000000000156,38.080999999999904,22.63499999999999,3.3134526176275694,4,2,6,1
24,1,300.01060000000007,86.75599999999986,75.0,90.625,3,1,4,38.090999999999894,12.911000000000058,14.187999999999874,27.710000000000036,23.224999999999966,3.229278794402588,3,1,6,3
24,2,300.01060000000007,56.184999999999945,100.0,90.625,4,0,3,15.942000000000007,11.67100000000005,15.698000000000093,17.116999999999962,15.107000000000028,6.619447938041956,3,1,6,3
24,3,300.01060000000007,71.42499999999995,100.0,90.625,4,0,4,24.781999999999925,25.595000000000027,11.316000000000031,14.782999999999902,19.11899999999997,5.23039907944977,3,1,6,3
24,4,300.01060000000007,76.05799999999999,75.0,90.625,3,1,5,19.24700000000007,19.057999999999993,23.057000000000016,18.644999999999982,20.001750000000015,3.749671903708423,3,1,6,3
24,5,300.01060000000007,84.27800000000002,100.0,90.625,4,0,5,18.451999999999998,23.117999999999938,21.35699999999997,24.550000000000182,21.869250000000022,4.572630520022401,3,1,6,3
24,6,300.01060000000007,68.54599999999982,75.0,90.625,3,1,5,17.357999999999947,21.04099999999994,12.6099999999999,21.031000000000176,18.00999999999999,4.164353137146032,3,1,6,3
24,7,300.01060000000007,102.39699999999993,100.0,90.625,4,0,5,29.625,21.521999999999935,32.358999999999924,23.888000000000147,26.8485,3.7246028642196025,3,1,6,3
24,8,300.01060000000007,96.82600000000002,100.0,90.625,4,0,5,18.31899999999996,22.406999999999925,28.093000000000075,28.007000000000062,24.206500000000005,4.131121806126452,3,1,6,3
25,1,300.0051000000001,70.14399999999989,75.0,84.375,3,1,6,14.17599999999993,9.767000000000053,13.956000000000131,14.092999999999847,12.99799999999999,5.770118479766122,1,1,6,2
25,2,300.0051000000001,90.673,100.0,84.375,4,0,6,28.50999999999999,21.02300000000014,13.971000000000004,31.39099999999985,23.723749999999995,4.2151852046999325,1,1,6,2
25,3,300.0051000000001,110.54500000000007,100.0,84.375,4,0,7,24.285000000000082,23.866999999999962,40.57899999999995,24.736000000000104,28.366750000000025,3.525254038619155,1,1,6,2
25,4,300.0051000000001,67.96299999999997,100.0,84.375,4,0,5,15.667999999999893,10.230999999999995,33.96199999999999,13.578000000000202,18.35975000000002,5.446697258949599,1,1,6,2
25,5,300.0051000000001,61.66099999999983,75.0,84.375,3,1,7,7.5190000000000055,13.005999999999858,14.303000000000111,30.89799999999991,16.43149999999997,4.5644037367252,1,1,6,2
25,6,300.0051000000001,84.54999999999995,100.0,84.375,4,0,5,12.259999999999991,23.057999999999993,15.65800000000013,39.9699999999998,22.736499999999978,4.39821432498406,1,1,6,2
25,7,300.0051000000001,61.8280000000002,75.0,84.375,3,1,7,9.512000000000171,15.567999999999984,20.182000000000016,19.730000000000018,16.248000000000047,4.615952732644004,1,1,6,2
25,8,300.0051000000001,57.35299999999984,50.0,84.375,2,2,8,12.799999999999955,10.722999999999956,14.461000000000013,19.368999999999915,14.33824999999996,3.4871759105888196,1,1,6,2
26,1,300.00520000000006,92.70800000000008,50.0,59.375,2,2,5,15.444999999999936,9.338999999999942,26.188000000000102,15.071999999999889,16.510999999999967,3.0282841741869118,6,2,8,9
26,2,300.00520000000006,36.30400000000009,75.0,59.375,3,1,4,12.517000000000053,7.150000000000091,9.916999999999916,11.24499999999989,10.207249999999988,7.34771853339539,6,2,8,9
26,3,300.00520000000006,20.730000000000018,100.0,59.375,4,0,2,7.371000000000095,4.400000000000091,4.44399999999996,11.039999999999964,6.813750000000027,14.676206200697061,6,2,8,9
26,4,300.00520000000006,29.748000000000047,50.0,59.375,2,2,6,11.088999999999942,3.3220000000001164,6.789999999999964,13.038000000000011,8.559750000000008,5.841292093811146,6,2,8,9
26,5,300.00520000000006,19.57899999999995,50.0,59.375,2,2,7,6.714999999999918,4.0090000000000146,2.910000000000082,14.692000000000007,7.0815000000000055,7.060650992021459,6,2,8,9
26,6,300.00520000000006,35.20699999999988,25.0,59.375,1,3,6,21.10699999999997,5.097999999999956,4.248000000000047,8.98700000000008,9.860000000000014,2.5354969574036477,6,2,8,9
26,7,300.00520000000006,24.67599999999993,75.0,59.375,3,1,4,9.685999999999922,2.9449999999999363,7.858999999999924,7.319000000000187,6.952249999999992,10.787874429141658,6,2,8,9
26,8,300.00520000000006,17.028999999999996,50.0,59.375,2,2,5,7.155999999999949,3.0429999999998927,3.421000000000049,3.4090000000001055,4.257249999999999,11.744670855599274,6,2,8,9
27,1,300.00290000000007,95.71799999999985,75.0,90.625,3,1,4,27.794999999999845,19.93600000000015,27.14300000000003,15.983999999999924,22.714499999999987,3.301855642871296,3,2,5,2
27,2,300.00290000000007,124.80700000000002,100.0,90.625,4,0,5,21.276000000000067,27.736999999999853,43.875,38.932000000000016,32.954999999999984,3.034440904263391,3,2,5,2
27,3,300.00290000000007,142.36300000000006,100.0,90.625,4,0,6,50.31600000000003,31.962999999999965,23.256000000000085,40.281999999999925,36.45425,2.7431643772673966,3,2,5,2
27,4,300.00290000000007,98.53300000000013,75.0,90.625,3,1,6,19.207000000000107,39.65599999999995,22.88799999999992,20.024000000000115,25.443750000000023,2.947678703021368,3,2,5,2
27,5,300.00290000000007,126.40899999999988,100.0,90.625,4,0,6,20.34699999999998,36.975999999999885,27.616000000000213,44.41299999999978,32.337999999999965,3.0923371884470314,3,2,5,2
27,6,300.00290000000007,115.32500000000005,75.0,90.625,3,1,6,28.220000000000027,37.30000000000018,19.187999999999874,34.49800000000005,29.801500000000033,2.5166518463835685,3,2,5,2
27,7,300.00290000000007,114.34300000000007,100.0,90.625,4,0,7,22.473999999999933,25.15800000000013,46.09899999999993,22.376999999999953,29.026999999999987,3.4450683846074357,3,2,5,2
27,8,300.00290000000007,113.72600000000011,100.0,90.625,4,0,7,33.04600000000005,26.454999999999927,22.98700000000008,31.238000000000056,28.431500000000028,3.5172256124369063,3,2,5,2
28,1,300.0033000000001,122.1110000000001,100.0,84.375,4,0,7,28.336000000000013,17.57400000000007,29.03800000000001,21.138999999999896,24.021749999999997,4.162894043939347,4,2,6,3
28,2,300.0033000000001,73.65000000000009,75.0,84.375,3,1,5,16.391000000000076,10.858999999999924,26.28800000000001,23.411000000000058,19.237250000000017,3.898686142769883,4,2,6,3
28,3,300.0033000000001,82.77800000000002,75.0,84.375,3,1,6,27.833000000000084,16.50799999999981,16.578000000000202,25.163999999999987,21.52075000000002,3.485008654438155,4,2,6,3
28,4,300.0033000000001,76.33799999999997,75.0,84.375,3,1,7,31.09699999999998,17.227999999999838,11.097000000000207,19.04599999999982,19.616999999999962,3.8232145588010478,4,2,6,3
28,5,300.0033000000001,104.17000000000007,75.0,84.375,3,1,7,23.48700000000008,44.603000000000065,11.513999999999896,26.304000000000087,26.477000000000032,2.832647203232991,4,2,6,3
28,6,300.0033000000001,63.488000000000056,75.0,84.375,3,1,6,20.575000000000045,16.519000000000005,11.911999999999807,16.83699999999999,16.460749999999962,4.556293000015199,4,2,6,3
28,7,300.0033000000001,72.56000000000017,100.0,84.375,4,0,6,17.5300000000002,15.755999999999858,19.125999999999976,23.042000000000144,18.863500000000045,5.301243141516673,4,2,6,3
28,8,300.0033000000001,75.49900000000002,100.0,84.375,4,0,7,18.529999999999973,20.462999999999965,21.24000000000001,15.266000000000076,18.874750000000006,5.29808341832342,4,2,6,3
29,1,300.0009,124.09399999999994,100.0,90.625,4,0,5,34.20399999999995,28.8420000000001,27.139999999999873,24.067999999999984,28.563499999999976,3.5009715195966913,2,2,6,3
29,2,300.0009,78.50099999999998,100.0,90.625,4,0,6,20.567000000000007,11.694999999999936,12.288000000000011,38.134000000000015,20.670999999999992,4.837695321948625,2,2,6,3
29,3,300.0009,110.10900000000015,100.0,90.625,4,0,6,32.10100000000011,31.394000000000005,32.08999999999992,17.662000000000035,28.311750000000018,3.5321023956484474,2,2,6,3
29,4,300.0009,104.36300000000006,100.0,90.625,4,0,6,33.184999999999945,18.28300000000013,27.35199999999986,38.11500000000001,29.233749999999986,3.42070380980887,2,2,6,3
29,5,300.0009,127.79099999999994,75.0,90.625,3,1,7,30.192999999999984,47.96600000000012,19.346000000000004,32.77299999999991,32.569500000000005,2.3027679270483117,2,2,6,3
29,6,300.0009,101.1880000000001,75.0,90.625,3,1,6,21.27500000000009,27.669999999999845,22.688000000000102,34.91399999999999,26.636750000000006,2.8156588172355854,2,2,6,3
29,7,300.0009,103.68599999999992,75.0,90.625,3,1,7,22.222999999999956,23.82400000000007,38.95100000000002,21.357999999999947,26.589,2.8207153334085526,2,2,6,3
29,8,300.0009,103.03700000000003,100.0,90.625,4,0,7,18.15599999999995,19.990999999999985,31.332000000000107,33.55799999999999,25.75925000000001,3.8821006046371673,2,2,6,3
30,1,300.0096000000001,146.03500000000008,75.0,84.375,3,1,4,44.875999999999976,28.49500000000012,29.676999999999907,25.876999999999953,32.23124999999999,2.32693426410704,4,2,6,1
30,2,300.0096000000001,89.07300000000009,75.0,84.375,3,1,5,18.34900000000016,23.15300000000002,22.05699999999979,28.2650000000001,22.956000000000017,3.2671197072660716,4,2,6,1
30,3,300.0096000000001,130.21800000000007,100.0,84.375,4,0,5,49.30099999999993,19.860000000000127,36.60299999999984,28.363000000000056,33.53174999999999,2.982248167781283,4,2,6,1
30,4,300.0096000000001,90.36200000000008,100.0,84.375,4,0,5,18.413999999999987,18.083000000000084,32.63799999999992,23.69600000000014,23.207750000000033,4.308905430298062,4,2,6,1
30,5,300.0096000000001,91.13400000000001,100.0,84.375,4,0,6,30.139999999999873,22.38499999999999,18.292000000000144,21.755999999999858,23.143249999999966,4.320914305467043,4,2,6,1
30,6,300.0096000000001,94.62800000000016,75.0,84.375,3,1,6,19.968000000000075,31.677999999999884,20.95400000000018,26.520999999999958,24.780250000000024,3.0266038478223556,4,2,6,1
30,7,300.0096000000001,142.89200000000005,50.0,84.375,2,2,7,35.277000000000044,28.176999999999907,46.28500000000008,34.68899999999985,36.10699999999997,1.3847730356994499,4,2,6,1
30,8,300.0096000000001,95.5440000000001,100.0,84.375,4,0,6,37.65000000000009,17.368999999999915,14.490999999999985,26.034000000000106,23.886000000000024,4.186552792430708,4,2,6,1
31,1,300.00569999999993,165.7059999999999,50.0,71.875,2,2,6,50.057000000000016,33.16899999999987,39.531999999999925,18.680000000000064,35.35949999999997,1.4140471443317932,3,4,8,1
31,2,300.00569999999993,93.20100000000002,100.0,71.875,4,0,4,30.260999999999967,23.723000000000184,18.965999999999894,45.82400000000007,29.69350000000003,3.367740414568842,3,4,8,1
31,3,300.00569999999993,93.96100000000001,75.0,71.875,3,1,5,27.102999999999838,38.889000000000124,12.910000000000082,19.798999999999978,24.675250000000005,3.039482882645565,3,4,8,1
31,4,300.00569999999993,110.29599999999982,100.0,71.875,4,0,4,44.91099999999983,22.85900000000015,32.27599999999984,14.855000000000018,28.72524999999996,3.481257778435354,3,4,8,1
31,5,300.00569999999993,100.25400000000013,75.0,71.875,3,1,5,26.399000000000115,33.88499999999999,16.791999999999916,26.60200000000009,25.919500000000028,2.893574335924687,3,4,8,1
31,6,300.00569999999993,84.39200000000005,50.0,71.875,2,2,5,20.176999999999907,29.08699999999999,19.34699999999998,18.951000000000022,21.890499999999975,2.2840958406614766,3,4,8,1
31,7,300.00569999999993,96.22900000000004,75.0,71.875,3,1,5,24.730000000000018,25.822000000000116,26.442999999999984,23.330999999999904,25.081500000000005,2.990251779199808,3,4,8,1
31,8,300.00569999999993,106.95100000000025,50.0,71.875,2,2,6,28.076999999999998,15.825000000000045,30.852999999999838,32.19600000000037,26.737750000000062,1.870015240624207,3,4,8,1
32,1,300.0008,167.163,50.0,75.0,2,2,6,42.49000000000001,26.687999999999874,38.403999999999996,19.294000000000096,31.718999999999994,1.5763422554304993,4,1,5,2
32,2,300.0008,136.21800000000007,75.0,75.0,3,1,4,36.559999999999945,30.74500000000012,46.17699999999991,29.75299999999993,35.808749999999975,2.094460152895593,4,1,5,2
32,3,300.0008,130.4480000000001,100.0,75.0,4,0,4,31.910000000000082,38.96900000000005,26.607999999999947,38.47000000000003,33.98925000000003,2.94210669549931,4,1,5,2
32,4,300.0008,144.55600000000004,100.0,75.0,4,0,6,44.10200000000009,34.521999999999935,44.330999999999904,25.73199999999997,37.171749999999975,2.6902150154351103,4,1,5,2
32,5,300.0008,144.73700000000008,50.0,75.0,2,2,8,45.003000000000156,38.947999999999865,13.7650000000001,52.375999999999976,37.523000000000025,1.332516056818484,4,1,5,2
32,6,300.0008,174.115,75.0,75.0,3,1,8,44.75200000000018,38.67099999999982,45.340000000000146,50.24399999999969,44.75174999999996,1.6759121151686822,4,1,5,2
32,7,300.0008,153.59100000000035,75.0,75.0,3,1,8,29.153000000000247,43.391000000000076,41.74299999999994,45.534999999999854,39.95550000000003,1.877088260690016,4,1,5,2
32,8,300.0008,164.71799999999985,75.0,75.0,3,1,9,42.92599999999993,31.452999999999975,45.89900000000034,44.4399999999996,41.17949999999996,1.8212945761847537,4,1,5,2
33,1,300.00159999999994,172.08300000000008,75.0,78.125,3,1,2,39.90100000000007,43.85699999999997,13.879999999999882,29.881000000000085,31.87975,2.3525905943428036,4,1,2,1
33,2,300.00159999999994,68.96800000000007,100.0,78.125,4,0,2,16.2349999999999,18.664999999999964,10.973000000000184,25.05899999999997,17.733000000000004,5.639203744431285,4,1,2,1
33,3,300.00159999999994,78.24099999999999,50.0,78.125,2,2,3,9.524999999999864,25.0,20.402000000000044,25.399000000000115,20.081500000000005,2.4898538455792636,4,1,2,1
33,4,300.00159999999994,140.93999999999983,75.0,78.125,3,1,3,39.10799999999995,33.896999999999935,39.81400000000008,29.94900000000007,35.69200000000001,2.1013112182001565,4,1,2,1
33,5,300.00159999999994,144.41499999999996,50.0,78.125,2,2,4,30.774999999999864,38.371000000000095,31.21199999999999,45.875,36.55824999999999,1.3676803457495919,4,1,2,1
33,6,300.00159999999994,121.346,75.0,78.125,3,1,4,26.115999999999985,29.692999999999984,17.795000000000073,49.89799999999991,30.875499999999988,2.4291104597496407,4,1,2,1
33,7,300.00159999999994,147.44600000000014,100.0,78.125,4,0,5,23.713999999999942,43.69200000000001,43.60799999999995,38.36000000000013,37.343500000000006,2.6778421947594624,4,1,2,1
33,8,300.00159999999994,110.59900000000016,100.0,78.125,4,0,4,23.036000000000058,27.278999999999996,30.403999999999996,29.88000000000011,27.64975000000004,3.6166692284740316,4,1,2,1
34,1,300.0039999999999,229.14599999999996,75.0,75.0,3,1,5,50.093000000000075,34.006999999999834,45.18500000000017,83.36699999999973,53.162999999999954,1.410755600699736,3,4,6,2
34,2,300.0039999999999,145.89400000000023,75.0,75.0,3,1,6,46.74800000000005,24.922000000000025,28.876000000000204,49.14499999999998,37.422750000000065,2.0041285047197195,3,4,6,2
34,3,300.0039999999999,179.7159999999999,50.0,75.0,2,2,7,45.210999999999785,44.521999999999935,41.96300000000019,51.7829999999999,45.869749999999954,1.0900430021964378,3,4,6,2
34,4,300.0039999999999,140.83500000000004,100.0,75.0,4,0,6,39.29600000000028,31.416999999999916,31.096000000000004,42.36900000000014,36.044500000000085,2.7743483749254327,3,4,6,2
34,5,300.0039999999999,179.46399999999994,75.0,75.0,3,1,6,47.01499999999987,47.71299999999974,41.277000000000044,46.14499999999998,45.53749999999991,1.646994235520179,3,4,6,2
34,6,300.0039999999999,131.92800000000034,75.0,75.0,3,1,7,30.8420000000001,33.77300000000014,27.05899999999974,42.55799999999999,33.55799999999999,2.2349365278026108,3,4,6,2
34,7,300.0039999999999,172.55000000000018,75.0,75.0,3,1,6,45.97400000000016,43.99499999999989,44.2470000000003,40.822999999999865,43.759750000000054,1.7139037585909405,3,4,6,2
34,8,300.0039999999999,177.20600000000013,75.0,75.0,3,1,7,46.059999999999945,40.67599999999993,45.90599999999995,44.564000000000306,44.30150000000003,1.6929449341444407,3,4,6,2
35,1,300.009,240.279,50.0,68.75,2,2,8,49.162000000000035,29.89800000000014,43.50499999999988,58.042000000000144,45.15175000000005,1.1073767904898468,6,1,6,2
35,2,300.009,164.13099999999986,100.0,68.75,4,0,4,44.722999999999956,43.96499999999992,30.536000000000058,50.531999999999925,42.438999999999965,2.3563231932891933,6,1,6,2
35,3,300.009,174.52600000000007,50.0,68.75,2,2,9,50.08699999999999,41.067000000000235,37.80899999999974,55.19200000000001,46.03874999999999,1.086041649697266,6,1,6,2
35,4,300.009,171.87699999999995,75.0,68.75,3,1,8,46.92500000000018,39.460999999999785,42.903999999999996,51.18600000000015,45.11900000000003,1.6622708836632007,6,1,6,2
35,5,300.009,168.9459999999999,50.0,68.75,2,2,9,50.0619999999999,32.77399999999989,41.48199999999997,47.66700000000037,42.99625000000003,1.1628921126842449,6,1,6,2
35,6,300.009,142.80199999999968,75.0,68.75,3,1,8,18.10699999999997,42.34299999999985,41.11400000000003,45.652000000000044,36.803999999999974,2.0378219758721894,6,1,6,2
35,7,300.009,181.0,75.0,68.75,3,1,8,45.75099999999975,42.7170000000001,45.853000000000065,50.077000000000226,46.099500000000035,1.6269156932287758,6,1,6,2
35,8,300.009,144.7779999999998,75.0,68.75,3,1,7,34.228999999999814,41.1840000000002,38.228999999999814,31.135999999999967,36.19449999999995,2.0721380320214426,6,1,6,2
36,1,300.01,103.95700000000011,100.0,90.625,4,0,2,26.65599999999995,17.490999999999985,15.893000000000029,13.282999999999902,18.330749999999966,5.455314157904078,2,2,4,1
36,2,300.01,70.60699999999997,100.0,90.625,4,0,2,28.963999999999942,12.769000000000005,14.162000000000035,18.479000000000042,18.593500000000006,5.378223572753918,2,2,4,1
36,3,300.01,56.621000000000095,75.0,90.625,3,1,2,22.466000000000122,13.505999999999858,9.788000000000011,15.009999999999991,15.192499999999995,4.936646371564919,2,2,4,1
36,4,300.01,57.552000000000135,100.0,90.625,4,0,2,14.00500000000011,15.952999999999975,15.792999999999893,13.836999999999989,14.896999999999991,6.712760958582269,2,2,4,1
36,5,300.01,65.92700000000013,100.0,90.625,4,0,3,8.994000000000142,17.972999999999956,15.798999999999978,25.044000000000096,16.952500000000043,5.898834980091417,2,2,4,1
36,6,300.01,77.77999999999997,50.0,90.625,2,2,4,5.954999999999927,31.676999999999907,12.114000000000033,29.573000000000093,19.82974999999999,2.5214639619763246,2,2,4,1
36,7,300.01,79.57399999999984,100.0,90.625,4,0,4,14.927999999999884,12.759999999999991,38.625999999999976,14.840000000000146,20.2885,4.928900608719226,2,2,4,1
36,8,300.01,60.25599999999986,100.0,90.625,4,0,5,13.746999999999844,13.854000000000042,16.304000000000087,16.350999999999885,15.063999999999965,6.63834306956985,2,2,4,1
37,1,300.0070999999999,127.39700000000016,75.0,78.125,3,1,3,14.08900000000017,9.684999999999945,22.249000000000024,11.933999999999969,14.489250000000027,5.176251358765972,4,3,6,1
37,2,300.0070999999999,47.70499999999993,100.0,78.125,4,0,4,19.36200000000008,11.095000000000027,8.4699999999998,10.81100000000015,12.434500000000014,8.042140817885713,4,3,6,1
37,3,300.0070999999999,54.41899999999987,25.0,78.125,1,3,4,13.846000000000004,17.759000000000015,10.43899999999985,21.58900000000017,15.90825000000001,1.5715116370436715,4,3,6,1
37,4,300.0070999999999,69.57199999999989,100.0,78.125,4,0,5,16.649999999999864,16.73400000000015,26.514999999999873,14.979000000000042,18.719499999999982,5.342023024119239,4,3,6,1
37,5,300.0070999999999,76.85199999999986,75.0,78.125,3,1,5,10.571999999999889,26.59900000000016,13.304999999999836,28.131000000000085,19.651749999999993,3.81645400536848,4,3,6,1
37,6,300.0070999999999,74.20000000000005,75.0,78.125,3,1,5,10.076000000000022,20.47700000000009,18.39099999999985,26.923999999999978,18.966999999999985,3.9542363051616,4,3,6,1
37,7,300.0070999999999,81.471,75.0,78.125,3,1,5,10.660000000000082,16.125,28.402000000000044,27.80600000000004,20.74825000000004,3.61476269082934,4,3,6,1
37,8,300.0070999999999,57.753999999999905,100.0,78.125,4,0,5,15.019999999999982,20.41899999999987,10.197000000000116,12.117999999999938,14.438499999999976,6.92592720850505,4,3,6,1
38,1,300.0060000000001,103.95700000000011,100.0,90.625,4,0,5,24.71400000000017,19.718999999999824,20.590000000000146,13.349999999999909,19.593250000000012,5.103798502035136,4,4,5,2
38,2,300.0060000000001,50.32600000000002,100.0,90.625,4,0,7,11.32899999999995,13.637000000000171,14.41599999999994,16.18100000000004,13.890750000000025,7.1990353292658655,4,4,5,2
38,3,300.0060000000001,57.67899999999986,75.0,90.625,3,1,8,13.229000000000042,17.026999999999816,14.201999999999998,17.537000000000035,15.498749999999973,4.83909992741351,4,4,5,2
38,4,300.0060000000001,69.62300000000005,75.0,90.625,3,1,8,10.90800000000013,10.151999999999816,32.37300000000005,19.45600000000013,18.22225000000003,4.115847384378981,4,4,5,2
38,5,300.0060000000001,62.569999999999936,100.0,90.625,4,0,9,8.620999999999867,21.302000000000135,15.343999999999824,20.75,16.504249999999956,6.059045397397656,4,4,5,2
38,6,300.0060000000001,77.90800000000013,75.0,90.625,3,1,9,16.557999999999993,21.05600000000004,15.685000000000173,27.616999999999962,20.229000000000042,3.7075485688862444,4,4,5,2
38,7,300.0060000000001,99.1099999999999,100.0,90.625,4,0,9,31.531999999999925,17.048000000000002,35.184999999999945,16.97700000000009,25.18549999999999,3.970538603561575,4,4,5,2
38,8,300.0060000000001,72.93200000000002,100.0,90.625,4,0,9,14.552999999999884,15.1550000000002,22.682999999999993,20.54099999999994,18.233000000000004,5.484560960895079,4,4,5,2
39,1,300.0061999999999,103.73399999999992,75.0,78.125,3,1,2,19.422000000000025,15.680999999999813,36.42900000000009,24.008000000000038,23.88499999999999,3.140046054008793,2,2,3,1
39,2,300.0061999999999,99.59699999999998,75.0,78.125,3,1,3,22.213999999999942,41.28099999999995,14.079000000000178,24.135999999999967,25.42750000000001,2.9495624815652337,2,2,3,1
39,3,300.0061999999999,88.25900000000001,50.0,78.125,2,2,3,21.947999999999865,13.869000000000142,25.789999999999964,28.348999999999933,22.488999999999976,2.2233091733736514,2,2,3,1
39,4,300.0061999999999,64.61500000000001,100.0,78.125,4,0,2,17.91599999999994,17.701000000000022,14.993000000000166,15.448999999999842,16.514749999999992,6.0551930849695,2,2,3,1
39,5,300.0061999999999,99.55799999999999,75.0,78.125,3,1,3,31.223000000000184,29.86299999999983,14.34900000000016,25.962999999999965,25.349500000000035,2.9586382374405766,2,2,3,1
39,6,300.0061999999999,55.31899999999996,75.0,78.125,3,1,3,11.754999999999882,19.455000000000155,13.56899999999996,12.240999999999985,14.254999999999995,5.261311820413892,2,2,3,1
39,7,300.0061999999999,89.02399999999989,75.0,78.125,3,1,3,22.687999999999874,23.215000000000146,21.623000000000047,22.9079999999999,22.608499999999992,3.3173364000265395,2,2,3,1
39,8,300.0061999999999,94.60500000000002,100.0,78.125,4,0,3,32.66300000000001,5.192000000000007,28.136999999999944,28.613000000000056,23.651250000000005,4.228106336874371,2,2,3,1
40,1,300.0013,200.23399999999992,75.0,84.375,3,1,4,48.87999999999988,33.09699999999998,40.34400000000005,52.21199999999999,43.633249999999975,1.7188726487254569,6,3,7,2
40,2,300.0013,104.40499999999997,100.0,84.375,4,0,5,29.422000000000025,27.04300000000012,18.324999999999818,34.784000000000106,27.393500000000017,3.650501031266539,6,3,7,2
40,3,300.0013,121.5,50.0,84.375,2,2,6,40.069999999999936,43.43600000000015,18.743999999999915,26.962999999999965,32.30324999999999,1.547831874501792,6,3,7,2
40,4,300.0013,99.04600000000005,100.0,84.375,4,0,7,27.055000000000064,24.510999999999967,22.623000000000047,30.75499999999988,26.23599999999999,3.8115566397316676,6,3,7,2
40,5,300.0013,103.106,75.0,84.375,3,1,7,22.491999999999962,27.516000000000076,12.694999999999936,45.749000000000024,27.113,2.7662007155239183,6,3,7,2
40,6,300.0013,134.0250000000001,75.0,84.375,3,1,7,25.31899999999996,32.799000000000206,38.55699999999979,44.113000000000056,35.197,2.1308634258601584,6,3,7,2
40,7,300.0013,125.44100000000003,100.0,84.375,4,0,6,23.292000000000144,22.81899999999996,44.52599999999984,39.33800000000019,32.493750000000034,3.0775149067128265,6,3,7,2
40,8,300.0013,83.22600000000011,100.0,84.375,4,0,6,33.74299999999994,24.739000000000033,13.164999999999964,11.579000000000178,20.806500000000028,4.806190373200676,6,3,7,2
41,1,300.00199999999995,134.54899999999998,75.0,68.75,3,1,5,50.08699999999999,18.208000000000084,25.89799999999991,46.40800000000013,35.15025000000003,2.133697484370664,4,2,3,5
41,2,300.00199999999995,105.57399999999984,100.0,68.75,4,0,5,19.146999999999935,33.51800000000003,13.231999999999971,43.853000000000065,27.4375,3.644646924829157,4,2,3,5
41,3,300.00199999999995,154.05700000000002,75.0,68.75,3,1,5,34.705999999999904,49.825000000000045,38.98299999999995,35.261999999999944,39.69399999999996,1.8894543255907712,4,2,3,5
41,4,300.00199999999995,59.490999999999985,100.0,68.75,4,0,5,6.692000000000007,16.39300000000003,21.26800000000003,17.659000000000106,15.503000000000043,6.450364445591158,4,2,3,5
41,5,300.00199999999995,157.03899999999976,25.0,68.75,1,3,5,32.506999999999834,37.76300000000015,39.04599999999982,50.371000000000095,39.921749999999975,0.626225052759461,4,2,3,5
41,6,300.00199999999995,137.52100000000019,0.0,68.75,0,4,6,26.182999999999993,45.73999999999978,41.60900000000038,30.44699999999966,35.994749999999954,0.0,4,2,3,5
41,7,300.00199999999995,134.77800000000025,100.0,68.75,4,0,5,32.835000000000036,28.30300000000034,41.55399999999963,35.13200000000006,34.45600000000002,2.902252147666588,4,2,3,5
41,8,300.00199999999995,146.0630000000001,75.0,68.75,3,1,5,32.45900000000029,42.435999999999694,42.794000000000324,28.373999999999796,36.515750000000025,2.0539082450723303,4,2,3,5
44,1,300.00200000000007,119.6690000000001,75.0,90.625,3,1,3,41.690000000000055,7.714999999999918,13.805000000000064,19.36200000000008,20.64300000000003,3.6331928498764663,1,1,8,1
44,2,300.00200000000007,90.85899999999992,100.0,90.625,4,0,3,31.669999999999845,15.753000000000156,16.05399999999986,31.07900000000018,23.63900000000001,4.230297389906509,1,1,8,1
44,3,300.00200000000007,83.40699999999993,100.0,90.625,4,0,3,21.041999999999916,18.895999999999958,27.118999999999915,18.771000000000186,21.456999999999994,4.660483758214104,1,1,8,1
44,4,300.00200000000007,76.01800000000003,100.0,90.625,4,0,3,21.684999999999945,13.298999999999978,29.654999999999973,13.133000000000038,19.442999999999984,5.143239212055757,1,1,8,1
44,5,300.00200000000007,75.27700000000004,100.0,90.625,4,0,3,16.670000000000073,20.424999999999955,15.239000000000033,24.81899999999996,19.288250000000005,5.184503518981763,1,1,8,1
44,6,300.00200000000007,72.48199999999997,75.0,90.625,3,1,3,19.30399999999986,24.087000000000216,15.241999999999962,17.11999999999989,18.938249999999982,3.9602391984475895,1,1,8,1
44,7,300.00200000000007,98.0,75.0,90.625,3,1,4,23.327999999999975,25.006000000000085,38.475999999999885,13.71400000000017,25.13100000000003,2.984361943416494,1,1,8,1
44,8,300.00200000000007,64.0809999999999,100.0,90.625,4,0,4,13.59199999999987,19.94600000000014,17.370999999999867,13.172000000000025,16.020249999999976,6.242099842386988,1,1,8,1
45,1,300.00549999999987,111.44000000000005,75.0,78.125,3,1,4,37.83100000000013,7.180999999999813,32.01800000000003,29.076000000000022,26.5265,2.827361317927356,4,1,2,3
45,2,300.00549999999987,71.94399999999996,100.0,78.125,4,0,4,30.476000000000113,13.630999999999858,15.221000000000004,16.230000000000018,18.889499999999998,5.293946372323249,4,1,2,3
45,3,300.00549999999987,79.84000000000015,75.0,78.125,3,1,5,17.343000000000075,33.567999999999984,17.710000000000036,17.41899999999987,21.50999999999999,3.486750348675036,4,1,2,3
45,4,300.00549999999987,66.31000000000017,75.0,78.125,3,1,4,9.958000000000084,28.5,14.100999999999885,15.516000000000076,17.01875000000001,4.406904149834738,4,1,2,3
45,5,300.00549999999987,101.23399999999992,50.0,78.125,2,2,5,20.549999999999955,29.721000000000004,20.651000000000067,32.442999999999984,25.841250000000002,1.9348909205243552,4,1,2,3
45,6,300.00549999999987,92.09999999999991,75.0,78.125,3,1,5,17.59400000000005,22.934999999999945,34.028999999999996,21.14300000000003,23.925250000000005,3.134763482095275,4,1,2,3
45,7,300.00549999999987,90.26700000000005,75.0,78.125,3,1,6,16.007000000000062,18.49000000000001,39.914999999999964,17.435999999999922,22.96199999999999,3.2662660047034247,4,1,2,3
45,8,300.00549999999987,78.45299999999997,100.0,78.125,4,0,6,15.516000000000076,14.45900000000006,17.954999999999927,30.52299999999991,19.613249999999994,5.098594062687216,4,1,2,3
46,1,300.01020000000005,98.11199999999985,100.0,93.75,4,0,2,31.77800000000002,17.289999999999964,28.25500000000011,16.50499999999988,23.456999999999994,4.263119751033808,1,1,4,1
46,2,300.01020000000005,63.17100000000005,75.0,93.75,3,1,2,23.151000000000067,12.451000000000022,12.698000000000093,19.644999999999982,16.98625000000004,4.415335933475594,1,1,4,1
46,3,300.01020000000005,92.09899999999993,100.0,93.75,4,0,2,22.523999999999887,23.520999999999958,28.944000000000187,20.723999999999933,23.92824999999999,4.1791606155903605,1,1,4,1
46,4,300.01020000000005,80.49499999999989,100.0,93.75,4,0,2,18.92100000000005,23.687999999999874,16.63000000000011,23.648999999999887,20.72199999999998,4.825789016504204,1,1,4,1
46,5,300.01020000000005,108.04099999999994,100.0,93.75,4,0,3,30.837999999999965,27.75200000000018,18.898999999999887,31.958000000000084,27.36175000000003,3.654736995988922,1,1,4,1
46,6,300.01020000000005,111.23199999999997,75.0,93.75,3,1,4,17.901999999999816,42.514000000000124,18.166999999999916,36.86400000000003,28.861749999999972,2.5985950262891224,1,1,4,1
46,7,300.01020000000005,106.60500000000002,100.0,93.75,4,0,5,29.63000000000011,23.32199999999989,36.037000000000035,22.80300000000011,27.948000000000036,3.5780735651924958,1,1,4,1
46,8,300.01020000000005,103.37299999999982,100.0,93.75,4,0,5,21.764999999999873,31.052000000000135,21.788999999999987,28.766999999999825,25.843249999999955,3.8694823599972983,1,1,4,1
47,1,300.009,151.529,100.0,71.875,4,0,5,31.085000000000036,21.952999999999975,23.514000000000124,52.14899999999989,32.175250000000005,3.107978958982447,3,6,7,5
47,2,300.009,89.22600000000011,100.0,71.875,4,0,4,35.18900000000008,19.269000000000005,9.968000000000075,28.513999999999896,23.235000000000014,4.303851947493004,3,6,7,5
47,3,300.009,130.19000000000005,25.0,71.875,1,3,6,34.54600000000005,38.88200000000006,31.769000000000005,29.092999999999847,33.57249999999999,0.7446570854121679,3,6,7,5
47,4,300.009,100.44800000000009,50.0,71.875,2,2,5,40.562000000000126,17.270999999999958,18.28099999999995,28.242999999999938,26.089249999999993,1.9164981745354894,3,6,7,5
47,5,300.009,129.4290000000001,75.0,71.875,3,1,5,22.96199999999999,36.133000000000266,31.847999999999956,40.90299999999979,32.9615,2.2753818849263534,3,6,7,5
47,6,300.009,88.14100000000008,75.0,71.875,3,1,5,14.55099999999993,21.403000000000247,27.28800000000001,28.903999999999996,23.036500000000046,3.2557029062574543,3,6,7,5
47,7,300.009,99.44299999999976,100.0,71.875,4,0,4,30.909000000000106,24.876999999999953,21.77099999999973,24.422000000000025,25.494749999999954,3.9223761754871176,3,6,7,5
47,8,300.009,134.05099999999993,50.0,71.875,2,2,6,37.190000000000055,37.521999999999935,29.570999999999913,29.76800000000003,33.51274999999998,1.4919694743045564,3,6,7,5
48,1,300.00599999999986,116.154,100.0,90.625,4,0,4,22.45699999999988,14.993999999999915,23.373000000000047,19.570000000000164,20.0985,4.975495683757495,6,5,7,3
48,2,300.00599999999986,70.18899999999985,100.0,90.625,4,0,4,25.38799999999992,21.148999999999887,10.050000000000182,16.42899999999986,18.253999999999962,5.47825134217159,6,5,7,3
48,3,300.00599999999986,64.99800000000005,100.0,90.625,4,0,4,23.910000000000082,15.30099999999993,16.53800000000001,11.861000000000104,16.902500000000032,5.916284573287964,6,5,7,3
48,4,300.00599999999986,57.253999999999905,100.0,90.625,4,0,4,17.891999999999825,16.394999999999982,12.600000000000136,12.874000000000024,14.940249999999992,6.693328424892492,6,5,7,3
48,5,300.00599999999986,72.50299999999993,100.0,90.625,4,0,6,8.265999999999849,21.787000000000035,11.595000000000027,34.12699999999995,18.943749999999966,5.278785879247783,6,5,7,3
48,6,300.00599999999986,65.48300000000017,75.0,90.625,3,1,6,9.319000000000187,20.093999999999824,17.159000000000106,21.65599999999995,17.057000000000016,4.397021750600922,6,5,7,3
48,7,300.00599999999986,83.18000000000006,75.0,90.625,3,1,6,16.270999999999958,16.88700000000017,21.43899999999985,31.659000000000106,21.56400000000002,3.4780189204229233,6,5,7,3
48,8,300.00599999999986,86.952,75.0,90.625,3,1,6,21.924999999999955,15.9849999999999,18.2650000000001,30.777000000000044,21.738,3.4501794093292855,6,5,7,3
49,1,300.00110000000006,103.05899999999997,75.0,75.0,3,1,4,47.187999999999874,15.471000000000004,20.028999999999996,15.836999999999989,24.631249999999966,3.044912458766815,3,1,5,3
49,2,300.00110000000006,68.09800000000018,75.0,75.0,3,1,4,31.4050000000002,9.628999999999905,9.554000000000087,21.66300000000001,18.06275000000005,4.152191665167253,3,1,5,3
49,3,300.00110000000006,80.86299999999983,50.0,75.0,2,2,5,19.480000000000018,28.013999999999896,20.500999999999976,15.021999999999935,20.754249999999956,2.409145114855998,3,1,5,3
49,4,300.00110000000006,77.86500000000001,75.0,75.0,3,1,4,13.629000000000133,23.326000000000022,31.274999999999864,14.124000000000024,20.58850000000001,3.642810306724626,3,1,5,3
49,5,300.00110000000006,78.29500000000007,75.0,75.0,3,1,5,27.929000000000087,14.308999999999969,11.701999999999998,27.210000000000036,20.287500000000023,3.6968576709796634,3,1,5,3
49,6,300.00110000000006,54.923,75.0,75.0,3,1,6,11.133000000000038,18.616999999999962,13.690000000000055,15.343999999999824,14.69599999999997,5.10342950462712,3,1,5,3
49,7,300.00110000000006,49.23400000000015,100.0,75.0,4,0,4,13.109000000000151,10.168999999999869,12.874000000000024,15.229000000000042,12.845250000000021,7.784978883244766,3,1,5,3
49,8,300.00110000000006,64.03600000000006,75.0,75.0,3,1,5,19.955999999999904,13.29600000000005,14.893000000000029,15.891000000000076,16.009000000000015,4.684864763570487,3,1,5,3
50,1,300.0050000000001,137.67000000000007,100.0,93.75,4,0,4,28.82100000000014,16.944999999999936,37.587999999999965,36.07300000000009,29.856750000000034,3.349326366734487,4,2,8,1
50,2,300.0050000000001,72.50800000000004,100.0,93.75,4,0,4,19.269000000000005,16.567000000000007,14.20399999999995,27.479000000000042,19.37975,5.160025284123892,4,2,8,1
50,3,300.0050000000001,130.47399999999993,100.0,93.75,4,0,5,40.923,26.353000000000065,39.77599999999984,26.89800000000014,33.48750000000001,2.9861888764464344,4,2,8,1
50,4,300.0050000000001,87.644,75.0,93.75,3,1,5,21.934999999999945,27.383000000000038,20.57899999999995,22.694999999999936,23.147999999999968,3.2400207361327156,4,2,8,1
50,5,300.0050000000001,124.40700000000015,100.0,93.75,4,0,5,36.49299999999994,23.108000000000175,22.271999999999935,46.539999999999964,32.10325,3.114949421008776,4,2,8,1
50,6,300.0050000000001,93.60699999999997,75.0,93.75,3,1,6,15.620000000000118,19.192000000000007,17.02299999999991,44.68199999999979,24.129249999999956,3.1082607209092754,4,2,8,1
50,7,300.0050000000001,124.47600000000011,100.0,93.75,4,0,5,24.55500000000029,31.549999999999727,31.05500000000029,40.159000000000106,31.829750000000104,3.141714905080928,4,2,8,1
50,8,300.0050000000001,85.61199999999963,100.0,93.75,4,0,5,15.065999999999804,21.20199999999977,28.459000000000287,20.884999999999764,21.402999999999906,4.672242209036137,4,2,8,1
51,1,300.00599999999986,149.13799999999992,100.0,87.5,4,0,4,47.64300000000003,18.092999999999847,42.423,18.397000000000162,31.63900000000001,3.160656152217199,5,1,3,1
51,2,300.00599999999986,83.16799999999989,100.0,87.5,4,0,5,19.475999999999885,19.923000000000002,14.754000000000133,34.93599999999992,22.272249999999985,4.4898921303415715,5,1,3,1
51,3,300.00599999999986,126.4960000000001,75.0,87.5,3,1,6,35.509000000000015,22.363000000000056,28.242999999999938,45.00700000000006,32.78050000000002,2.2879455774011976,5,1,3,1
51,4,300.00599999999986,115.15300000000002,75.0,87.5,3,1,6,33.47199999999998,20.735999999999876,43.014000000000124,20.722999999999956,29.486249999999984,2.54355843825512,5,1,3,1
51,5,300.00599999999986,90.51299999999992,100.0,87.5,4,0,7,23.186999999999898,26.379000000000133,22.840999999999894,22.51200000000017,23.729750000000024,4.214119407073396,5,1,3,1
51,6,300.00599999999986,62.771999999999935,75.0,87.5,3,1,6,11.598999999999933,14.944999999999936,17.429000000000087,22.47400000000016,16.61175000000003,4.514876518127221,5,1,3,1
51,7,300.00599999999986,103.90199999999959,75.0,87.5,3,1,7,16.875,14.44399999999996,35.57699999999977,41.08800000000019,26.99599999999998,2.7781893613868744,5,1,3,1
51,8,300.00599999999986,63.903999999999996,100.0,87.5,4,0,7,16.949999999999818,13.51299999999992,16.570999999999913,16.870000000000346,15.975999999999999,6.259389083625439,5,1,3,1
52,1,300.009,136.529,75.0,65.625,3,1,5,44.715999999999894,27.09900000000016,32.76299999999992,28.04099999999994,33.15474999999998,2.2621193041721033,4,2,6,1
52,2,300.009,109.84000000000015,75.0,65.625,3,1,5,24.544000000000096,25.88499999999999,22.471000000000004,41.228000000000065,28.53200000000004,2.6286275059582187,4,2,6,1
52,3,300.009,78.7059999999999,100.0,65.625,4,0,4,26.798000000000002,19.432999999999993,17.826999999999998,18.90300000000002,20.740250000000003,4.821542652571689,4,2,6,1
52,4,300.009,76.9699999999998,75.0,65.625,3,1,4,17.50299999999993,18.5,25.064000000000078,18.607999999999947,19.91874999999999,3.7652965171007238,4,2,6,1
52,5,300.009,132.87099999999987,25.0,65.625,1,3,6,21.086000000000013,44.77800000000002,29.499000000000024,41.317999999999756,34.17024999999995,0.7316305850849799,4,2,6,1
52,6,300.009,94.74400000000014,50.0,65.625,2,2,6,18.56800000000021,22.46900000000005,21.567999999999756,35.77800000000025,24.595750000000066,2.0328715326834867,4,2,6,1
52,7,300.009,113.11599999999999,100.0,65.625,4,0,6,30.434999999999945,38.26800000000003,25.77099999999973,22.48700000000008,29.240249999999946,3.4199433999367375,4,2,6,1
52,8,300.009,109.82500000000027,25.0,65.625,1,3,6,33.38500000000022,16.949999999999818,22.9670000000001,36.52300000000014,27.456250000000068,0.9105394946505783,4,2,6,1
53,1,300.0063,111.88700000000017,50.0,78.125,2,2,7,41.057000000000016,21.146999999999935,24.711000000000013,19.99700000000007,26.72800000000001,1.8706973959892241,6,4,7,1
53,2,300.0063,50.103999999999814,100.0,78.125,4,0,7,9.832999999999856,15.97700000000009,9.81899999999996,18.557000000000016,13.54649999999998,7.381980585391071,6,4,7,1
53,3,300.0063,77.21100000000001,100.0,78.125,4,0,8,22.44900000000007,21.557999999999993,19.0329999999999,17.323000000000093,20.090750000000014,4.977414979530377,6,4,7,1
53,4,300.0063,63.36199999999985,75.0,78.125,3,1,7,15.182000000000016,21.817000000000007,14.659999999999854,14.260999999999967,16.47999999999996,4.550970873786418,6,4,7,1
53,5,300.0063,60.771000000000186,75.0,78.125,3,1,8,11.778999999999996,16.036000000000058,10.562000000000126,24.648999999999887,15.756500000000017,4.75994034208104,6,4,7,1
53,6,300.0063,73.40000000000009,75.0,78.125,3,1,8,14.914999999999964,20.486000000000104,19.579999999999927,22.511999999999944,19.373249999999985,3.8713174093143925,6,4,7,1
53,7,300.0063,74.64800000000014,75.0,78.125,3,1,7,19.282000000000153,29.289999999999964,15.668999999999869,15.378000000000156,19.904750000000035,3.7679448372875757,6,4,7,1
53,8,300.0063,58.82199999999989,75.0,78.125,3,1,8,13.264999999999873,13.038999999999987,22.123000000000047,10.394999999999982,14.705499999999972,5.100132603447699,6,4,7,1
54,1,300.004,146.16800000000012,75.0,78.125,3,1,6,43.100999999999885,26.72499999999991,25.119000000000142,39.61699999999996,33.640499999999975,2.2294555669505525,8,4,5,3
54,2,300.004,124.42699999999991,75.0,78.125,3,1,5,42.51099999999997,38.68100000000004,28.08699999999999,21.182000000000016,32.61525,2.2995377929036263,8,4,5,3
54,3,300.004,110.76299999999992,25.0,78.125,1,3,5,43.266000000000076,19.024999999999864,34.58400000000006,21.457000000000107,29.583000000000027,0.8450799445627549,8,4,5,3
54,4,300.004,109.41899999999987,100.0,78.125,4,0,4,39.74199999999996,18.47499999999991,39.083000000000084,18.19100000000003,28.872749999999996,3.4634733442432752,8,4,5,3
54,5,300.004,127.82099999999991,75.0,78.125,3,1,6,21.867999999999938,33.08999999999992,34.87300000000005,40.343000000000075,32.543499999999995,2.3046076789527867,8,4,5,3
54,6,300.004,99.04799999999977,75.0,78.125,3,1,6,11.586000000000013,19.154999999999973,30.319999999999936,40.80300000000011,25.466000000000008,2.9451032749548407,8,4,5,3
54,7,300.004,111.67099999999982,100.0,78.125,4,0,4,36.51800000000003,34.93899999999985,29.389999999999873,12.894999999999982,28.435499999999934,3.516730847004633,8,4,5,3
54,8,300.004,103.24000000000024,100.0,78.125,4,0,3,12.693000000000211,30.00799999999981,29.266000000000076,31.27300000000014,25.81000000000006,3.8744672607516377,8,4,5,3
56,1,300.00290000000007,172.54099999999994,75.0,87.5,3,1,5,32.49700000000007,24.079999999999927,45.624000000000024,43.54299999999989,36.43599999999998,2.0584037764847967,2,2,5,1
56,2,300.00290000000007,126.58799999999997,100.0,87.5,4,0,6,21.660000000000082,44.277000000000044,25.413999999999987,44.24599999999987,33.899249999999995,2.949917771042133,2,2,5,1
56,3,300.00290000000007,112.68200000000002,100.0,87.5,4,0,5,30.27300000000014,29.232999999999947,34.21600000000012,26.617999999999938,30.085000000000036,3.323915572544453,2,2,5,1
56,4,300.00290000000007,93.82500000000005,75.0,87.5,3,1,6,29.230999999999995,4.213999999999942,38.62699999999995,26.837999999999965,24.727499999999964,3.033060357901127,2,2,5,1
56,5,300.00290000000007,138.78200000000015,75.0,87.5,3,1,7,36.98400000000015,26.37999999999988,30.460000000000036,50.56600000000003,36.097500000000025,2.0777062123415737,2,2,5,1
56,6,300.00290000000007,114.85799999999995,75.0,87.5,3,1,6,21.811999999999898,33.96199999999999,25.680000000000064,35.774000000000115,29.307000000000016,2.5591155696591246,2,2,5,1
56,7,300.00290000000007,141.10299999999984,100.0,87.5,4,0,6,36.14599999999996,35.44100000000003,43.81700000000001,29.20399999999995,36.15199999999999,2.766098694401417,2,2,5,1
56,8,300.00290000000007,125.01299999999992,100.0,87.5,4,0,6,21.985999999999876,23.863000000000284,40.858999999999924,38.304999999999836,31.25324999999998,3.1996672346076025,2,2,5,1
57,1,300.00789999999995,104.14100000000008,100.0,84.375,4,0,2,44.761999999999944,11.717000000000098,14.329999999999927,17.649000000000115,22.11450000000002,4.521920007235067,1,1,4,1
57,2,300.00789999999995,53.44999999999982,100.0,84.375,4,0,2,9.158999999999878,19.435999999999922,7.555000000000064,19.475000000000136,13.90625,7.191011235955057,1,1,4,1
57,3,300.00789999999995,93.0909999999999,50.0,84.375,2,2,4,21.45999999999981,25.423999999999978,31.63499999999999,17.61700000000019,24.033999999999992,2.0803861196638103,1,1,4,1
57,4,300.00789999999995,75.74599999999987,100.0,84.375,4,0,5,23.991999999999962,23.29600000000005,17.414999999999964,14.26299999999992,19.741499999999974,5.065471215459825,1,1,4,1
57,5,300.00789999999995,121.16300000000001,75.0,84.375,3,1,5,33.00500000000011,33.34299999999985,29.25,27.778999999999996,30.844249999999988,2.431571524676399,1,1,4,1
57,6,300.00789999999995,81.40499999999997,75.0,84.375,3,1,5,18.95900000000006,28.339999999999918,12.07400000000007,23.951000000000022,20.831000000000017,3.6004032451634553,1,1,4,1
57,7,300.00789999999995,75.97700000000009,100.0,84.375,4,0,5,10.932999999999993,29.71900000000005,17.267000000000053,19.680999999999813,19.399999999999977,5.154639175257738,1,1,4,1
57,8,300.00789999999995,54.20700000000011,75.0,84.375,3,1,5,13.594000000000051,17.394999999999982,13.979000000000042,9.239000000000033,13.551750000000027,5.534340583319486,1,1,4,1
59,1,300.00440000000003,79.07099999999991,100.0,84.375,4,0,2,14.106999999999971,13.526999999999816,17.99200000000019,18.067000000000007,15.923249999999996,6.280124974486993,2,1,7,1
59,2,300.00440000000003,53.75199999999995,100.0,84.375,4,0,2,9.517999999999802,18.24500000000012,8.973999999999933,19.60699999999997,14.085999999999956,7.0992474797671665,2,1,7,1
59,3,300.00440000000003,71.25099999999998,100.0,84.375,4,0,3,11.628000000000156,16.09199999999987,34.128000000000156,11.858999999999924,18.426750000000027,5.426892968103428,2,1,7,1
59,4,300.00440000000003,53.80799999999999,75.0,84.375,3,1,3,17.46199999999999,8.635999999999967,17.680000000000064,12.317000000000007,14.023750000000007,5.3480702379891225,2,1,7,1
59,5,300.00440000000003,67.25999999999999,75.0,84.375,3,1,4,9.567000000000007,20.27800000000002,17.600999999999885,22.432999999999993,17.469749999999976,4.293135276692574,2,1,7,1
59,6,300.00440000000003,55.080000000000155,75.0,84.375,3,1,5,8.82899999999995,12.075000000000045,15.524000000000115,20.79600000000005,14.30600000000004,5.242555571089039,2,1,7,1
59,7,300.00440000000003,64.93499999999995,75.0,84.375,3,1,5,14.255999999999858,13.605000000000018,26.12000000000012,13.086999999999989,16.766999999999996,4.473072105922348,2,1,7,1
59,8,300.00440000000003,47.3119999999999,75.0,84.375,3,1,5,10.671999999999798,16.02300000000014,9.089999999999918,11.527000000000044,11.827999999999975,6.340886033141711,2,1,7,1
60,1,300.00199999999995,79.16899999999987,75.0,84.375,3,1,2,22.916999999999916,19.451999999999998,16.41300000000001,16.957000000000107,18.934750000000008,3.9609712301456304,1,1,6,1
60,2,300.00199999999995,65.53500000000008,100.0,84.375,4,0,1,21.960000000000036,15.569999999999936,12.089999999999918,21.979000000000042,17.899749999999983,5.586670204891135,1,1,6,1
60,3,300.00199999999995,69.57899999999995,75.0,84.375,3,1,1,19.659000000000106,21.093999999999824,12.968000000000075,19.971000000000004,18.423000000000002,4.070998208760788,1,1,6,1
60,4,300.00199999999995,85.54600000000005,100.0,84.375,4,0,2,30.62799999999993,21.5,18.917000000000144,17.624000000000024,22.167250000000024,4.5111594807655395,1,1,6,1
60,5,300.00199999999995,90.02700000000004,75.0,84.375,3,1,3,16.368999999999915,17.02500000000009,16.562999999999874,43.52200000000016,23.36975000000001,3.209276949903185,1,1,6,1
60,6,300.00199999999995,78.15199999999982,75.0,84.375,3,1,3,15.782999999999902,20.855000000000018,20.789999999999964,22.7829999999999,20.052749999999946,3.740135392901233,1,1,6,1
60,7,300.00199999999995,101.0490000000002,100.0,84.375,4,0,3,26.319999999999936,22.144999999999982,30.994000000000142,23.7829999999999,25.81049999999999,3.874392204722885,1,1,6,1
60,8,300.00199999999995,75.04200000000037,75.0,84.375,3,1,3,15.432999999999993,18.335000000000036,14.649000000000342,26.625,18.760500000000093,3.9977612536979095,1,1,6,1
61,1,300.00299999999993,139.10199999999986,50.0,81.25,2,2,4,44.024000000000115,29.92899999999986,27.521999999999935,27.1550000000002,32.15750000000003,1.5548472362590362,3,1,3,1
61,2,300.00299999999993,85.28399999999988,100.0,81.25,4,0,5,26.704999999999927,20.37999999999988,18.848000000000184,24.225999999999885,22.53974999999997,4.436606439734253,3,1,3,1
61,3,300.00299999999993,85.96800000000007,75.0,81.25,3,1,5,28.17100000000005,22.935999999999922,19.92600000000016,19.645999999999958,22.669750000000022,3.3083734933115685,3,1,3,1
61,4,300.00299999999993,81.41499999999996,50.0,81.25,2,2,6,20.43399999999997,19.692999999999984,27.798999999999978,16.038999999999987,20.99124999999998,2.3819448579765403,3,1,3,1
61,5,300.00299999999993,98.9380000000001,100.0,81.25,4,0,5,26.639000000000124,24.27599999999984,20.827000000000226,33.16199999999981,26.226,3.813009990086174,3,1,3,1
61,6,300.00299999999993,88.2510000000002,75.0,81.25,3,1,6,17.644000000000233,25.699999999999818,19.634999999999764,28.787000000000262,22.94150000000002,3.26918466534446,3,1,3,1
61,7,300.00299999999993,79.43199999999979,100.0,81.25,4,0,6,17.837999999999738,23.192000000000007,18.632000000000062,21.994000000000142,20.413999999999987,4.898599000685807,3,1,3,1
61,8,300.00299999999993,80.31899999999996,100.0,81.25,4,0,7,14.144999999999982,28.309999999999945,18.503000000000156,19.360999999999876,20.07974999999999,4.980141685030941,3,1,3,1
62,1,300.01700000000005,88.981,75.0,90.625,3,1,3,29.620999999999867,19.58699999999999,23.23400000000015,14.393000000000029,21.70875000000001,3.454828122300914,2,1,3,1
62,2,300.01700000000005,97.2829999999999,100.0,90.625,4,0,3,24.37799999999993,21.860999999999876,31.05100000000016,24.307999999999993,25.39949999999999,3.9370853756963737,2,1,3,1
62,3,300.01700000000005,124.63300000000004,100.0,90.625,4,0,4,35.832999999999856,26.121000000000095,39.488000000000056,25.937999999999874,31.84499999999997,3.1402103940964072,2,1,3,1
62,4,300.01700000000005,74.29899999999998,100.0,90.625,4,0,3,24.2170000000001,22.916999999999916,14.125,15.383000000000038,19.160500000000013,5.219070483546877,2,1,3,1
62,5,300.01700000000005,85.98900000000003,100.0,90.625,4,0,3,30.684999999999945,16.133000000000038,22.024000000000115,18.85699999999997,21.924750000000017,4.561055428226088,2,1,3,1
62,6,300.01700000000005,93.64999999999986,75.0,90.625,3,1,5,4.225999999999885,27.249000000000024,41.66000000000008,23.369000000000142,24.126000000000033,3.108679432976867,2,1,3,1
62,7,300.01700000000005,87.70299999999997,75.0,90.625,3,1,4,19.798999999999978,25.89300000000003,28.131999999999607,16.345000000000255,22.542249999999967,3.32708580554293,2,1,3,1
62,8,300.01700000000005,87.39599999999973,100.0,90.625,4,0,4,23.909000000000106,12.95199999999977,20.69300000000021,29.841999999999643,21.848999999999933,4.57686850656782,2,1,3,1
65,1,300.00199999999995,141.76800000000003,50.0,78.125,2,2,3,6.871999999999844,16.057999999999993,28.250999999999976,21.024000000000115,18.051249999999982,2.7698912817671935,6,1,6,1
65,2,300.00199999999995,59.638999999999896,100.0,78.125,4,0,4,19.259000000000015,9.194999999999936,12.422000000000025,24.583000000000084,16.364750000000015,6.110695244351421,6,1,6,1
65,3,300.00199999999995,90.59199999999987,50.0,78.125,2,2,3,42.82899999999995,10.305000000000064,25.263999999999896,17.570999999999913,23.992249999999956,2.0840062936990105,6,1,6,1
65,4,300.00199999999995,103.55600000000027,75.0,78.125,3,1,5,30.756000000000085,30.414000000000215,29.079999999999927,18.666999999999916,27.229250000000036,2.754390958252611,6,1,6,1
65,5,300.00199999999995,140.26099999999997,100.0,78.125,4,0,6,37.53600000000006,36.0,23.76299999999992,49.48000000000002,36.69475,2.7251854829369324,6,1,6,1
65,6,300.00199999999995,116.72600000000011,75.0,78.125,3,1,7,14.570000000000164,28.91899999999987,31.123000000000047,45.27399999999989,29.971499999999992,2.502377258395476,6,1,6,1
65,7,300.00199999999995,91.86900000000014,100.0,78.125,4,0,5,16.914000000000215,36.116999999999734,29.81399999999985,14.899000000000342,24.436000000000035,4.0923228024226495,6,1,6,1
65,8,300.00199999999995,78.71099999999979,75.0,78.125,3,1,6,18.603999999999814,27.97499999999991,12.688000000000102,19.44399999999996,19.677749999999946,3.811411365628703,6,1,6,1
66,1,300.0065000000001,159.88699999999994,50.0,90.625,2,2,6,48.653999999999996,22.500999999999976,45.587999999999965,26.38500000000022,35.78200000000004,1.3973506232183763,1,2,4,1
66,2,300.0065000000001,70.27299999999991,100.0,90.625,4,0,3,18.19899999999984,16.71900000000005,19.701999999999998,20.149000000000115,18.69225,5.349810750444703,1,2,4,1
66,3,300.0065000000001,85.1139999999998,100.0,90.625,4,0,3,26.228999999999814,30.935000000000173,7.572999999999865,23.488000000000056,22.056249999999977,4.53386228393313,1,2,4,1
66,4,300.0065000000001,100.077,100.0,90.625,4,0,3,29.096000000000004,15.242999999999938,40.480999999999995,18.792000000000144,25.90300000000002,3.860556692275023,1,2,4,1
66,5,300.0065000000001,96.77699999999982,100.0,90.625,4,0,4,17.690999999999804,22.945000000000164,15.722999999999956,43.47399999999993,24.958249999999964,4.006691174261022,1,2,4,1
66,6,300.0065000000001,104.64699999999993,75.0,90.625,3,1,5,18.432000000000016,33.54899999999998,29.03099999999995,27.198000000000093,27.05250000000001,2.772387025228721,1,2,4,1
66,7,300.0065000000001,116.18200000000002,100.0,90.625,4,0,4,22.448000000000093,26.440999999999804,40.91800000000012,28.876000000000204,29.670750000000055,3.370322624133189,1,2,4,1
66,8,300.0065000000001,89.8159999999998,100.0,90.625,4,0,4,22.44699999999966,29.096000000000004,19.633000000000266,18.639999999999873,22.45399999999995,4.453549478934721,1,2,4,1
67,1,300.00599999999986,79.519,100.0,93.75,4,0,3,16.048999999999978,13.259000000000015,10.170000000000073,16.913999999999987,14.098000000000013,7.093204709887921,1,1,5,1
67,2,300.00599999999986,49.80399999999986,100.0,93.75,4,0,4,11.072999999999865,11.798999999999978,10.524000000000115,20.32899999999995,13.431249999999977,7.445323406235471,1,1,5,1
67,3,300.00599999999986,65.89300000000003,100.0,93.75,4,0,5,17.024000000000115,20.1429999999998,9.230000000000018,23.555000000000064,17.488,5.718206770356817,1,1,5,1
67,4,300.00599999999986,64.93900000000008,100.0,93.75,4,0,5,13.930000000000064,19.034999999999854,21.003000000000156,14.515999999999849,17.12099999999998,5.840780328251861,1,1,5,1
67,5,300.00599999999986,57.29100000000017,100.0,93.75,4,0,6,16.38000000000011,14.394999999999982,14.526000000000067,14.479000000000042,14.94500000000005,6.691201070592149,1,1,5,1
67,6,300.00599999999986,48.044999999999845,75.0,93.75,3,1,6,13.348999999999933,10.49499999999989,8.063000000000102,20.49499999999989,13.100499999999954,5.724972329300428,1,1,5,1
67,7,300.00599999999986,62.634000000000015,75.0,93.75,3,1,7,16.95900000000006,15.025000000000091,16.12299999999982,18.605999999999995,16.67824999999999,4.496874672102891,1,1,5,1
67,8,300.00599999999986,55.794000000000096,100.0,93.75,4,0,6,11.835000000000036,16.652000000000044,17.088999999999942,10.218000000000075,13.948500000000024,7.169229666272346,1,1,5,1
68,1,300.00299999999993,152.92000000000007,100.0,90.625,4,0,4,45.32199999999989,32.509000000000015,34.016000000000076,26.08199999999988,34.482249999999965,2.9000427756309435,4,1,5,1
68,2,300.00299999999993,67.7360000000001,100.0,90.625,4,0,4,26.942999999999984,13.223000000000184,10.254999999999882,22.88499999999999,18.32650000000001,5.456579270455348,4,1,5,1
68,3,300.00299999999993,117.38300000000004,75.0,90.625,3,1,5,33.61799999999994,38.628000000000156,25.54600000000005,25.35199999999986,30.786,2.436172286104073,4,1,5,1
68,4,300.00299999999993,69.46100000000001,100.0,90.625,4,0,4,22.50500000000011,26.1099999999999,12.240000000000009,12.932999999999993,18.447000000000003,5.4209356534937925,4,1,5,1
68,5,300.00299999999993,69.21800000000007,100.0,90.625,4,0,4,20.182000000000016,16.99000000000001,19.65000000000009,14.767999999999802,17.89749999999998,5.587372538063982,4,1,5,1
68,6,300.00299999999993,75.5,50.0,90.625,2,2,4,19.093000000000075,27.218999999999824,14.516000000000076,19.582000000000335,20.102500000000077,2.487252829250084,4,1,5,1
68,7,300.00299999999993,74.40199999999959,100.0,90.625,4,0,4,11.069999999999709,21.134000000000015,31.070999999999913,13.713999999999942,19.247249999999894,5.195547415864633,4,1,5,1
68,8,300.00299999999993,81.78200000000015,100.0,90.625,4,0,5,20.94100000000026,14.592999999999847,27.554000000000087,18.69399999999996,20.445500000000038,4.891051820694031,4,1,5,1
71,1,300.0049,113.84299999999985,75.0,78.125,3,1,2,26.355999999999995,13.609000000000151,27.368999999999915,22.708000000000084,22.510500000000036,3.3317785033650913,1,1,7,1
71,2,300.0049,119.22599999999989,75.0,78.125,3,1,3,34.23900000000003,24.646999999999935,25.6099999999999,37.375,30.467749999999967,2.461619253144721,1,1,7,1
71,3,300.0049,116.69100000000003,75.0,78.125,3,1,4,40.999000000000024,20.582000000000107,34.903999999999996,23.414999999999964,29.975000000000023,2.5020850708924085,1,1,7,1
71,4,300.0049,79.74800000000005,75.0,78.125,3,1,3,29.896999999999935,18.189000000000078,20.672000000000025,13.032999999999902,20.447749999999985,3.667885219645196,1,1,7,1
71,5,300.0049,87.28300000000013,75.0,78.125,3,1,4,21.774000000000115,12.493999999999915,20.700000000000045,34.63999999999987,22.401999999999987,3.347915364699582,1,1,7,1
71,6,300.0049,77.221,100.0,78.125,4,0,3,12.148000000000138,25.720000000000027,13.115999999999985,28.034999999999854,19.75475,5.06207367848239,1,1,7,1
71,7,300.0049,94.89700000000016,75.0,78.125,3,1,5,24.701000000000022,24.05100000000016,23.16099999999983,24.721000000000004,24.158500000000004,3.104497381873874,1,1,7,1
71,8,300.0049,88.10000000000014,75.0,78.125,3,1,5,26.288999999999987,14.182999999999993,23.861000000000104,23.767000000000053,22.025000000000034,3.4052213393870554,1,1,7,1
72,1,300.00300000000016,125.82200000000012,100.0,81.25,4,0,3,36.805000000000064,20.77800000000002,27.990999999999985,28.20399999999995,28.444500000000005,3.515618133558332,4,1,6,2
72,2,300.00300000000016,102.61400000000003,75.0,81.25,3,1,5,47.750999999999976,22.087999999999965,12.769000000000005,22.63499999999999,26.310749999999985,2.850545879535933,4,1,6,2
72,3,300.00300000000016,101.71000000000004,100.0,81.25,4,0,6,32.24400000000014,24.399999999999864,25.218000000000075,22.965999999999894,26.206999999999994,3.815774411416798,4,1,6,2
72,4,300.00300000000016,78.05300000000011,100.0,81.25,4,0,6,17.40800000000013,22.833000000000084,26.0,14.625999999999976,20.216750000000047,4.946393460867833,4,1,6,2
72,5,300.00300000000016,93.53399999999988,50.0,81.25,2,2,7,29.17599999999993,30.220000000000027,23.24000000000001,13.253999999999905,23.972499999999968,2.085723224528108,4,1,6,2
72,6,300.00300000000016,129.6579999999999,50.0,81.25,2,2,7,18.542000000000144,40.72999999999979,28.239000000000033,45.22600000000011,33.18425000000002,1.5067388896841112,4,1,6,2
72,7,300.00300000000016,92.77100000000019,75.0,81.25,3,1,8,21.003000000000156,17.465999999999894,35.177000000000135,23.384999999999764,24.257749999999987,3.091795405592029,4,1,6,2
72,8,300.00300000000016,91.95100000000002,100.0,81.25,4,0,7,34.496999999999844,13.869000000000142,24.302999999999884,19.282000000000153,22.987750000000005,4.350143010951484,4,1,6,2
73,1,300.00700000000006,119.18799999999987,100.0,87.5,4,0,2,33.88299999999981,15.34900000000016,26.154999999999973,21.20699999999988,24.148499999999956,4.141043957181613,4,1,8,2
73,2,300.00700000000006,62.16100000000006,100.0,87.5,4,0,2,22.629000000000133,12.599999999999909,9.799999999999955,20.35699999999997,16.346499999999992,6.11751751139388,4,1,8,2
73,3,300.00700000000006,97.11700000000019,100.0,87.5,4,0,3,20.85200000000009,28.858999999999924,38.771000000000186,13.91099999999983,25.598250000000007,3.906517047063763,4,1,8,2
73,4,300.00700000000006,62.66000000000008,100.0,87.5,4,0,3,20.860000000000127,11.602999999999838,20.595000000000027,13.115999999999985,16.543499999999995,6.044670112128633,4,1,8,2
73,5,300.00700000000006,108.52300000000014,75.0,87.5,3,1,5,23.021000000000186,47.753999999999905,22.23799999999983,147.99400000000014,60.251750000000015,1.2447771226561881,4,1,8,2
73,6,300.00700000000006,54.664000000000215,75.0,87.5,3,1,6,12.81899999999996,11.74200000000019,15.144999999999982,18.804000000000087,14.627500000000055,5.1273286617672,4,1,8,2
73,7,300.00700000000006,67.2489999999998,100.0,87.5,4,0,5,17.105000000000018,15.221999999999753,21.33600000000024,16.945999999999913,17.65224999999998,5.665000212437514,4,1,8,2
73,8,300.00700000000006,116.11799999999994,50.0,87.5,2,2,6,14.150000000000091,21.260999999999967,36.927999999999884,43.778999999999996,29.029499999999985,1.7223858488778665,4,1,8,2
74,1,300.0049999999999,140.45499999999993,100.0,84.375,4,0,5,31.285000000000082,24.549999999999955,29.853000000000065,31.432000000000016,29.28000000000003,3.4153005464480843,5,2,4,4
74,2,300.0049999999999,66.61300000000006,100.0,84.375,4,0,5,20.299999999999955,16.759000000000015,15.593000000000075,16.607999999999947,17.314999999999998,5.775339301183945,5,2,4,4
74,3,300.0049999999999,92.72499999999991,100.0,84.375,4,0,5,17.73700000000008,23.829999999999927,36.48700000000008,17.113999999999805,23.791999999999973,4.203093476798929,5,2,4,4
74,4,300.0049999999999,65.856,100.0,84.375,4,0,5,17.876000000000204,13.919999999999845,25.588999999999942,9.958000000000084,16.83575000000002,5.939741324265322,5,2,4,4
74,5,300.0049999999999,76.91100000000006,75.0,84.375,3,1,6,17.680000000000064,22.482999999999947,7.738000000000056,30.72199999999998,19.655750000000012,3.815677346323593,5,2,4,4
74,6,300.0049999999999,62.65599999999995,50.0,84.375,2,2,7,12.11200000000008,11.773999999999887,20.037000000000035,20.59999999999991,16.130749999999978,3.099669885157235,5,2,4,4
74,7,300.0049999999999,66.22700000000009,75.0,84.375,3,1,6,18.590000000000146,12.332999999999856,21.73199999999997,16.883000000000038,17.384500000000003,4.314187926026057,5,2,4,4
74,8,300.0049999999999,53.798,75.0,84.375,3,1,6,16.84400000000005,9.551999999999907,18.412000000000035,8.990000000000009,13.4495,5.576415480129373,5,2,4,4
75,1,300.00599999999986,90.66599999999994,50.0,68.75,2,2,6,21.548999999999978,12.700000000000045,20.661000000000058,14.457999999999856,17.341999999999985,2.883173797716529,4,4,6,2
75,2,300.00599999999986,63.180000000000064,50.0,68.75,2,2,6,21.299999999999955,13.006000000000085,12.754000000000133,18.878999999999905,16.48475000000002,3.033106355874365,4,4,6,2
75,3,300.00599999999986,66.19499999999994,75.0,68.75,3,1,5,19.19900000000007,18.901999999999816,18.69600000000014,11.692999999999984,17.122500000000002,4.380201489268506,4,4,6,2
75,4,300.00599999999986,65.42499999999995,50.0,68.75,2,2,5,13.261999999999944,10.257000000000062,30.297000000000025,13.327999999999975,16.786,2.9786727034433453,4,4,6,2
75,5,300.00599999999986,67.779,100.0,68.75,4,0,4,13.960000000000036,23.56899999999996,14.785000000000082,17.28099999999995,17.398750000000007,5.74753933472232,4,4,6,2
75,6,300.00599999999986,71.72299999999996,50.0,68.75,2,2,6,14.07899999999995,22.010999999999967,11.97700000000009,25.631999999999834,18.42474999999996,2.7137410276937333,4,4,6,2
75,7,300.00599999999986,59.3570000000002,75.0,68.75,3,1,5,10.003000000000156,11.752999999999929,24.064000000000078,15.941000000000031,15.440250000000049,4.857434303201034,4,4,6,2
75,8,300.00599999999986,59.80599999999981,100.0,68.75,4,0,4,12.46699999999987,22.29099999999994,10.899000000000115,14.148999999999887,14.951499999999953,6.688292144600898,4,4,6,2
76,1,300.0,130.68499999999995,75.0,87.5,3,1,3,42.899999999999864,20.901000000000067,24.20399999999995,39.812000000000126,31.954250000000002,2.3471056275769264,3,1,4,1
76,2,300.0,94.65899999999988,100.0,87.5,4,0,4,27.913999999999987,18.87999999999988,20.846000000000004,31.830000000000155,24.867500000000007,4.021312958681008,3,1,4,1
76,3,300.0,81.17999999999984,100.0,87.5,4,0,4,20.712999999999965,32.656999999999925,18.848999999999933,11.149000000000115,20.841999999999985,4.798004030323389,3,1,4,1
76,4,300.0,77.73299999999995,100.0,87.5,4,0,4,18.735999999999876,15.884000000000015,31.054000000000087,13.615000000000009,19.822249999999997,5.044835979770208,3,1,4,1
76,5,300.0,130.25099999999998,100.0,87.5,4,0,5,40.047000000000025,34.39300000000003,27.471000000000004,31.05899999999997,33.24250000000001,3.0081973377453557,3,1,4,1
76,6,300.0,76.73099999999977,75.0,87.5,3,1,5,13.398000000000138,34.12699999999995,13.661999999999807,16.932000000000244,19.529750000000035,3.8402949346509745,3,1,4,1
76,7,300.0,77.68099999999959,75.0,87.5,3,1,5,15.406999999999698,13.340999999999894,37.16700000000037,12.993999999999687,19.727249999999913,3.801847697981236,3,1,4,1
76,8,300.0,59.41000000000031,75.0,87.5,3,1,5,14.91800000000012,20.17099999999982,15.899000000000342,8.422000000000025,14.852500000000077,5.049654940245723,3,1,4,1
77,1,300.00700000000006,97.87200000000007,100.0,93.75,4,0,3,22.644000000000005,10.97700000000009,27.904999999999973,18.336000000000013,19.96550000000002,5.008639903834109,1,1,3,1
77,2,300.00700000000006,83.99499999999989,100.0,93.75,4,0,3,31.454999999999927,17.59999999999991,17.825000000000045,19.736000000000104,21.653999999999996,4.618084418583172,1,1,3,1
77,3,300.00700000000006,104.30999999999995,100.0,93.75,4,0,4,28.76800000000003,35.797000000000025,29.490999999999985,13.209999999999809,26.816499999999962,3.729047414837885,1,1,3,1
77,4,300.00700000000006,77.34900000000016,100.0,93.75,4,0,4,17.848000000000184,21.166999999999916,19.52500000000009,20.836000000000013,19.84400000000005,5.039306591413008,1,1,3,1
77,5,300.00700000000006,98.7199999999998,100.0,93.75,4,0,5,23.488999999999805,29.065000000000055,15.345000000000027,34.565000000000055,25.615999999999985,3.9038101186758296,1,1,3,1
77,6,300.00700000000006,74.47699999999986,75.0,93.75,3,1,5,9.926999999999907,16.97199999999998,21.99000000000001,28.304000000000087,19.298249999999996,3.8863627530993754,1,1,3,1
77,7,300.00700000000006,78.36899999999991,75.0,93.75,3,1,5,9.963999999999942,22.376999999999953,33.940000000000055,14.575000000000045,20.214,3.7102997922232115,1,1,3,1
77,8,300.00700000000006,58.24000000000001,100.0,93.75,4,0,5,18.73199999999997,15.642000000000053,14.144999999999982,9.721000000000004,14.560000000000002,6.868131868131868,1,1,3,1
78,1,300.01199999999994,94.91399999999999,50.0,75.0,2,2,5,17.160000000000082,6.91599999999994,29.04600000000005,20.667999999999893,18.44749999999999,2.7103943623797275,4,3,8,2
78,2,300.01199999999994,58.26999999999998,75.0,75.0,3,1,5,19.785000000000082,13.855000000000018,8.991999999999962,17.559999999999945,15.048000000000002,4.984051036682615,4,3,8,2
78,3,300.01199999999994,89.2360000000001,100.0,75.0,4,0,6,19.126999999999953,14.15800000000013,35.659999999999854,24.720000000000027,23.41624999999999,4.270538621683661,4,3,8,2
78,4,300.01199999999994,59.16800000000012,75.0,75.0,3,1,6,19.881000000000085,7.033999999999878,22.741999999999962,12.194000000000187,15.462750000000028,4.850366202648291,4,3,8,2
78,5,300.01199999999994,79.46199999999999,75.0,75.0,3,1,5,19.993999999999915,16.259000000000015,21.686999999999898,24.522000000000162,20.615499999999997,3.6380393393320567,4,3,8,2
78,6,300.01199999999994,63.05899999999997,50.0,75.0,2,2,7,7.376999999999953,22.990999999999985,17.45900000000006,18.500999999999976,16.581999999999994,3.0153178144976494,4,3,8,2
78,7,300.01199999999994,76.35199999999986,75.0,75.0,3,1,7,19.92100000000005,16.74799999999982,29.169000000000096,15.115000000000009,20.238249999999994,3.7058540140575404,4,3,8,2
78,8,300.01199999999994,51.99999999999977,100.0,75.0,4,0,6,8.339999999999918,15.44399999999996,12.816000000000258,15.399999999999636,12.999999999999943,7.692307692307726,4,3,8,2
79,1,300.001,154.18399999999997,25.0,62.5,1,3,3,17.771999999999935,47.73400000000015,44.297000000000025,32.61199999999985,35.60374999999999,0.7021732261348876,1,1,6,1
79,2,300.001,130.72900000000004,100.0,62.5,4,0,4,43.42100000000005,31.411000000000058,14.948999999999842,44.952999999999975,33.68349999999998,2.968812623391276,1,1,6,1
79,3,300.001,134.94100000000003,50.0,62.5,2,2,5,27.36500000000001,37.85200000000009,41.125999999999976,31.45399999999995,34.449250000000006,1.451410408064036,1,1,6,1
79,4,300.001,92.81299999999987,75.0,62.5,3,1,3,19.24200000000019,24.47699999999986,34.00700000000006,18.892000000000053,24.15450000000004,3.105011488542502,1,1,6,1
79,5,300.001,99.95899999999983,75.0,62.5,3,1,4,24.677000000000135,17.958999999999833,38.48500000000013,23.932999999999993,26.263500000000022,2.8556742246844458,1,1,6,1
79,6,300.001,70.21299999999974,75.0,62.5,3,1,3,19.376999999999953,19.536000000000058,18.493999999999687,15.429000000000087,18.208999999999946,4.118842330715592,1,1,6,1
79,7,300.001,79.35199999999986,75.0,62.5,3,1,4,26.33199999999988,15.365999999999985,21.373000000000047,19.419000000000324,20.62250000000006,3.6368044611467956,1,1,6,1
79,8,300.001,74.7829999999999,25.0,62.5,1,3,6,19.146999999999935,21.69499999999971,12.682000000000244,21.259000000000015,18.695749999999975,1.337202305336776,1,1,6,1
80,1,300.00700000000006,112.5920000000001,75.0,71.875,3,1,3,20.138999999999896,27.07400000000007,20.760999999999967,22.330999999999904,22.57624999999996,3.322075189635131,3,4,7,2
80,2,300.00700000000006,52.29600000000005,100.0,71.875,4,0,3,23.38000000000011,9.192000000000007,11.043999999999869,11.105999999999995,13.680499999999995,7.309674354007531,3,4,7,2
80,3,300.00700000000006,71.63400000000001,75.0,71.875,3,1,4,16.86500000000001,11.233000000000175,15.899999999999864,29.35200000000009,18.337500000000034,4.0899795501022425,3,4,7,2
80,4,300.00700000000006,49.76599999999985,50.0,71.875,2,2,5,11.884000000000015,18.019000000000005,12.91599999999994,9.028999999999996,12.961999999999989,3.8574294090418175,3,4,7,2
80,5,300.00700000000006,104.31400000000008,75.0,71.875,3,1,6,23.464999999999918,28.384000000000015,15.518000000000029,40.447000000000116,26.95350000000002,2.782569981635036,3,4,7,2
80,6,300.00700000000006,102.38499999999999,50.0,71.875,2,2,6,10.881999999999834,40.909000000000106,26.05399999999986,27.59900000000016,26.36099999999999,1.8967413982777594,3,4,7,2
80,7,300.00700000000006,91.99000000000001,75.0,71.875,3,1,6,29.292999999999893,18.314000000000078,20.278999999999996,26.950000000000045,23.709000000000003,3.1633556877135263,3,4,7,2
80,8,300.00700000000006,101.14099999999985,75.0,71.875,3,1,6,22.79399999999987,13.016000000000076,22.01299999999992,43.317999999999984,25.285249999999962,2.9661561582345484,3,4,7,2
81,1,300.00649999999996,71.73000000000002,75.0,68.75,3,1,3,16.067000000000007,14.737999999999829,11.184000000000196,11.612999999999829,13.400499999999965,5.59680608932504,3,1,7,3
81,2,300.00649999999996,48.653999999999996,100.0,68.75,4,0,4,15.49200000000019,9.666999999999916,10.356999999999971,15.32899999999995,12.711250000000007,7.867046907267181,3,1,7,3
81,3,300.00649999999996,42.371000000000095,75.0,68.75,3,1,4,12.980000000000018,13.00500000000011,8.17899999999986,12.416000000000167,11.645000000000039,6.44053241734648,3,1,7,3
81,4,300.00649999999996,48.955999999999904,75.0,68.75,3,1,4,12.016999999999825,9.819000000000187,15.491999999999962,14.711000000000013,13.009749999999997,5.764907088914085,3,1,7,3
81,5,300.00649999999996,70.08199999999988,50.0,68.75,2,2,6,13.77599999999984,18.968000000000075,10.118999999999915,29.326999999999998,18.047499999999957,2.7704668236597936,3,1,7,3
81,6,300.00649999999996,66.87900000000013,75.0,68.75,3,1,6,11.97400000000016,11.659999999999854,19.66800000000012,26.951000000000022,17.56325000000004,4.270280272728557,3,1,7,3
81,7,300.00649999999996,63.740999999999985,75.0,68.75,3,1,7,18.499000000000024,21.66300000000001,13.754999999999882,11.560999999999922,16.36949999999996,4.581691560524157,3,1,7,3
81,8,300.00649999999996,73.11900000000014,25.0,68.75,1,3,8,15.769999999999982,9.851000000000113,29.993999999999915,17.504000000000133,18.279750000000035,1.3676335836102764,3,1,7,3
