start_time,calibration_time,tutorial_time,rest_time,answer_total_correct,answer_total_incorrect,time_subexperiment1,time_subexperiment2,time_subexperiment3,time_subexperiment4,time_subexperiment5,time_subexperiment6,time_subexperiment7,time_subexperiment8,trial_duration_1,trial_duration_2,trial_duration_3,trial_duration_4,trial_duration_5,trial_duration_6,trial_duration_7,trial_duration_8,trial_duration_9,trial_duration_10,trial_duration_11,trial_duration_12,trial_duration_13,trial_duration_14,trial_duration_15,trial_duration_16,trial_duration_17,trial_duration_18,trial_duration_19,trial_duration_20,trial_duration_21,trial_duration_22,trial_duration_23,trial_duration_24,trial_duration_25,trial_duration_26,trial_duration_27,trial_duration_28,trial_duration_29,trial_duration_30,trial_duration_31,trial_duration_32,feedback_score_tutorial_1,feedback_score_tutorial_2,feedback_score_tutorial_3,feedback_score_rest_1,feedback_score_experimental_1,feedback_score_experimental_2,feedback_score_experimental_3,feedback_score_experimental_4,feedback_score_experimental_5,feedback_score_experimental_6,feedback_score_experimental_7,feedback_score_experimental_8,answer_correct_subexperiment_1,answer_incorrect_subexperiment_1,answer_correct_subexperiment_2,answer_incorrect_subexperiment_2,answer_correct_subexperiment_3,answer_incorrect_subexperiment_3,answer_correct_subexperiment_4,answer_incorrect_subexperiment_4,answer_correct_subexperiment_5,answer_incorrect_subexperiment_5,answer_correct_subexperiment_6,answer_incorrect_subexperiment_6,answer_correct_subexperiment_7,answer_incorrect_subexperiment_7,answer_correct_subexperiment_8,answer_incorrect_subexperiment_8,eye_avg_fixation_PointX,eye_avg_fixation_PointY,eye_avg_fixation_PointZ,eye_avg_LeftGazeX,eye_avg_LeftGazeY,eye_avg_LeftGazeZ,eye_avg_RightGazeX,eye_avg_RightGazeY,eye_avg_RightGazeZ,eye_avg_LeftPupilDiameter,eye_avg_RightPupilDiameter,eye_avg_RightEyeOpenness,eye_avg_LeftEyeOpenness,eye_max_LeftPupilDiameter,eye_max_RightPupilDiameter,eye_total_gaze_duration,eye_total_gaze_duration_Left,eye_percentage_gaze_Left,eye_total_gaze_duration_Right,eye_percentage_gaze_Right,mean_trial_duration_subexperiment1,mean_trial_duration_subexperiment2,mean_trial_duration_subexperiment3,mean_trial_duration_subexperiment4,mean_trial_duration_subexperiment5,mean_trial_duration_subexperiment6,mean_trial_duration_subexperiment7,mean_trial_duration_subexperiment8,accuracy_subexperiment1,accuracy_subexperiment2,accuracy_subexperiment3,accuracy_subexperiment4,accuracy_subexperiment5,accuracy_subexperiment6,accuracy_subexperiment7,accuracy_subexperiment8,performance_subexperiment1,performance_subexperiment2,performance_subexperiment3,performance_subexperiment4,performance_subexperiment5,performance_subexperiment6,performance_subexperiment7,performance_subexperiment8
689.8644,21.4461,427.7345,300.00599999999986,15.0,17.0,121.68100000000004,109.62699999999995,140.31499999999983,89.45800000000008,144.34500000000003,126.91899999999987,122.38200000000006,126.63200000000006,45.052000000000135,11.149999999999864,33.85400000000004,28.17800000000011,42.835000000000036,31.192999999999984,12.032999999999902,25.688000000000102,39.246999999999844,31.576000000000022,40.256000000000085,31.654999999999973,15.026000000000067,22.374000000000024,23.822999999999865,30.13000000000011,28.631999999999834,35.16100000000006,42.17000000000007,40.552000000000135,25.311999999999898,34.152000000000044,22.338999999999942,47.71799999999985,37.70900000000029,18.524999999999636,34.03500000000031,33.766999999999825,33.31800000000021,20.679999999999836,27.38700000000017,45.246999999999844,1.0,3.0,8.0,1.0,5.0,4.0,7.0,7.0,7.0,7.0,6.0,7.0,2.0,2.0,3.0,1.0,1.0,3.0,1.0,3.0,1.0,3.0,3.0,1.0,3.0,1.0,1.0,3.0,-0.0739735809597989,-0.10006945858039741,0.6298947695534556,-0.04958472996588111,-0.029273314663006,0.6746978536036166,-0.026768422839214986,-0.025459177701747847,0.6811538121997788,1.8823691287548692,2.4040670531048907,0.9451111725151279,0.9438843272970511,5.752441,6.365814,2485.1130000000003,363.189,0.7108348844173307,147.744,0.28916511558266933,30.42025000000001,27.406749999999988,35.07874999999996,22.36450000000002,36.08625000000001,31.729749999999967,30.595500000000015,31.658000000000015,50.0,75.0,25.0,25.0,25.0,75.0,75.0,25.0,0.01643641981903501,0.027365521267570955,0.007126821793821054,0.011178430101276567,0.006927846478922026,0.023637122889401927,0.02451340883463253,0.007896898098426934
355.7957,6.883699999999976,402.92410000000007,300.0095,25.0,7.0,92.54500000000007,55.68599999999992,95.07400000000007,93.19999999999982,78.32200000000012,93.39200000000005,69.53499999999985,82.37299999999982,15.986999999999853,21.585000000000036,30.735000000000127,38.3119999999999,25.40000000000009,9.707999999999856,9.07100000000014,15.042999999999893,19.124000000000024,31.988000000000056,19.909999999999854,29.64500000000021,34.677999999999884,10.586999999999989,33.5630000000001,16.843999999999824,15.993000000000166,19.412000000000035,13.63299999999981,32.759000000000015,13.286000000000058,22.810999999999922,23.479000000000042,39.11000000000013,12.649999999999864,17.182999999999993,21.610000000000127,22.479000000000042,15.670999999999822,21.593000000000075,31.396999999999935,13.711999999999989,4.0,1.0,7.0,1.0,6.0,2.0,3.0,2.0,3.0,4.0,6.0,7.0,1.0,3.0,4.0,0.0,3.0,1.0,4.0,0.0,3.0,1.0,3.0,1.0,3.0,1.0,4.0,0.0,0.02135768773496804,-0.26268193472011286,0.7102655037660992,-0.012398848550589002,-0.12183635760221195,0.7914221409454755,-0.002092879049228224,-0.13167581677146897,0.8010503374314607,2.9773603249596436,3.3243051812305717,0.8718349497411915,0.7323384042247355,5.394592,5.496658,30318.0,8232.0,0.6038732394366197,5400.0,0.3961267605633803,23.136250000000018,13.92149999999998,23.768500000000017,23.299999999999955,19.58050000000003,23.348000000000013,17.383749999999964,20.593249999999955,25.0,100.0,75.0,100.0,75.0,75.0,75.0,100.0,0.010805554054784151,0.07183134001364806,0.03155436817636786,0.0429184549356224,0.0383034141109777,0.03212266575295527,0.04314374056230684,0.0485596008400812
119.495,6.763499999999993,448.2359,300.0152999999999,27.0,5.0,128.1916,80.10100000000011,132.47000000000003,135.61299999999983,99.10299999999984,100.94200000000001,98.49499999999989,113.47700000000009,36.62760000000003,30.31549999999993,32.14350000000002,26.01679999999999,26.881000000000085,21.955999999999904,16.11200000000008,18.595000000000027,26.55399999999986,35.00700000000006,44.77600000000007,29.345000000000027,37.557000000000016,45.200999999999794,27.93300000000022,28.88499999999999,26.011999999999944,28.71900000000005,19.759000000000015,30.49499999999989,42.55799999999999,13.076999999999998,20.829999999999927,27.48700000000008,12.75,32.61799999999994,33.35699999999997,22.700000000000045,30.037000000000035,35.75,34.9670000000001,12.722999999999956,5.0,1.0,7.0,4.0,4.0,3.0,5.0,5.0,6.0,7.0,7.0,8.0,3.0,1.0,4.0,0.0,2.0,2.0,4.0,0.0,4.0,0.0,3.0,1.0,3.0,1.0,4.0,0.0,-0.10232860281733104,0.005303233195505779,0.7920968401696333,-0.09540401765656331,-0.04951643604173079,0.8329424042378731,-0.0871106784519551,-0.06356344867448582,0.8296571053668769,3.4260364622865445,3.4692374112019255,0.8324127117704034,0.8103615815712006,5.716827,5.817184,1846.157,379.55100000000004,0.7169063273828975,149.87800000000001,0.2830936726171026,32.0479,20.025250000000028,33.11750000000001,33.90324999999996,24.77574999999996,25.235500000000002,24.623749999999973,28.369250000000022,75.0,100.0,50.0,100.0,100.0,75.0,75.0,100.0,0.023402469428574105,0.04993695459482397,0.01509775798293953,0.02949569731515419,0.04036204756667312,0.02972003724911335,0.030458398903497674,0.03524943380596946
256.7826,5.822999999999979,590.3329,300.0045,22.0,10.0,169.0250000000001,92.92099999999982,184.56799999999998,122.03199999999993,157.93900000000008,116.29199999999992,104.90600000000018,138.31500000000005,42.87000000000012,38.500999999999976,15.807999999999993,23.40000000000009,28.159999999999854,27.248000000000047,25.673000000000002,31.45600000000013,47.65599999999995,41.21499999999992,47.697000000000116,51.27999999999997,23.336000000000013,32.40499999999997,36.049999999999955,35.84999999999991,44.011000000000195,37.562999999999874,45.72900000000004,33.78899999999999,35.67399999999998,26.462999999999965,26.263000000000147,31.958999999999833,23.70900000000006,18.713999999999942,31.996000000000095,33.69399999999996,26.8449999999998,26.144000000000233,47.68899999999985,37.63700000000017,1.0,1.0,7.0,1.0,3.0,4.0,6.0,5.0,4.0,6.0,3.0,4.0,3.0,1.0,3.0,1.0,0.0,4.0,4.0,0.0,4.0,0.0,2.0,2.0,3.0,1.0,3.0,1.0,0.03769132618313345,-0.04387454215970664,0.8326481688958237,-0.01676049703640736,-0.07964474979885107,0.8849399085889902,0.02175401669519701,-0.10060114220790156,0.8835603368028265,3.245970604521809,3.745440441258081,0.769447354225152,0.7832932085961624,5.482773,5.779739,2355.7690000000002,234.50500000000002,0.43431275407680414,305.44,0.5656872459231957,42.25625000000002,23.230249999999955,46.141999999999996,30.50799999999998,39.48475000000002,29.07299999999998,26.226500000000044,34.578750000000014,75.0,75.0,0.0,100.0,100.0,50.0,75.0,75.0,0.017748853719863917,0.03228548982468985,0.0,0.03277828766225254,0.02532623354586263,0.017198087572661933,0.028597029721846176,0.021689621516104537
127.475,8.606200000000001,717.8423,300.00249999999994,20.0,12.0,174.07399999999984,105.14300000000003,167.7829999999999,127.3599999999999,151.72399999999993,121.98799999999983,129.42499999999973,126.25599999999986,50.61900000000014,18.80099999999993,39.91599999999994,37.218000000000075,50.085000000000036,13.327999999999975,17.103000000000065,32.16300000000001,47.266999999999825,31.153999999999996,43.05000000000018,50.22000000000003,39.221000000000004,42.19899999999984,31.202999999999975,19.10900000000015,50.23699999999985,32.53300000000013,31.15300000000002,40.89300000000003,11.322999999999865,36.59899999999993,25.605999999999995,51.003000000000156,21.057999999999993,43.12699999999995,31.53800000000001,35.58100000000013,17.460999999999785,33.152000000000044,37.11299999999983,38.5300000000002,2.0,1.0,6.0,3.0,7.0,8.0,9.0,7.0,9.0,9.0,9.0,9.0,3.0,1.0,2.0,2.0,3.0,1.0,4.0,0.0,3.0,1.0,2.0,2.0,1.0,3.0,2.0,2.0,-0.1437184621522544,-0.005158484730055327,0.6715482210174545,-0.1273606019347177,-0.04985381028711784,0.7707277557188547,-0.1140814068240595,-0.04228628111462914,0.7732245750908722,2.2924797820311706,2.7638831076708295,0.8144984646004904,0.8579888192294659,4.457748,5.096924,2456.0260000000003,477.75100000000003,0.7013188142415496,203.467,0.2986811857584503,43.51849999999996,26.285750000000007,41.945749999999975,31.839999999999975,37.93099999999998,30.496999999999957,32.35624999999993,31.563999999999965,75.0,50.0,75.0,100.0,75.0,50.0,25.0,50.0,0.017234049886829753,0.019021713285715638,0.017880238164772366,0.03140703517587942,0.019772745247950235,0.01639505525133622,0.007726482518833317,0.01584083132682805
681.0095,5.954600000000028,389.0768999999999,300.0060000000001,22.0,10.0,132.40499999999997,54.61400000000003,72.32999999999993,77.66500000000019,81.91300000000001,60.605999999999995,59.15099999999984,61.825000000000045,22.014000000000124,17.745999999999867,39.093000000000075,19.003999999999905,20.013000000000147,9.212999999999965,12.410000000000082,17.60199999999986,11.91800000000012,23.139999999999873,26.42100000000005,13.89799999999991,19.75500000000011,21.177999999999884,26.937000000000126,13.16599999999994,24.391000000000076,27.452999999999975,16.791999999999916,15.947000000000116,13.787000000000035,18.876999999999953,15.130999999999858,17.17600000000016,9.22199999999998,11.628999999999905,25.055000000000064,15.523999999999887,23.922000000000025,4.207000000000107,9.218000000000075,24.477999999999838,1.0,1.0,5.0,2.0,3.0,2.0,3.0,4.0,5.0,6.0,6.0,7.0,3.0,1.0,4.0,0.0,3.0,1.0,3.0,1.0,3.0,1.0,3.0,1.0,3.0,1.0,0.0,4.0,0.023562381568269702,-0.06907925192527033,0.5301294948169694,0.012940731231914701,-0.0479326174502742,0.5614857978869429,0.01125780342786346,-0.055730786717749566,0.5620129761150505,1.779094948848071,2.109168888657269,0.8897929595450551,0.8924829236980057,6.038132,5.74968,2056.726,109.07700000000001,0.3694394580863675,186.173,0.6305605419136324,33.10124999999999,13.653500000000008,18.082499999999982,19.416250000000048,20.478250000000003,15.151499999999999,14.78774999999996,15.456250000000011,75.0,100.0,75.0,75.0,75.0,75.0,75.0,0.0,0.02265775461651751,0.07324129344124213,0.04147656574035674,0.03862743835704619,0.03662422326126499,0.049500049500049506,0.050717654815641465,0.0
443.1895,36.07400000000001,519.9725,300.00699999999995,24.0,8.0,184.24399999999991,124.048,122.94100000000003,109.7170000000001,121.19999999999982,95.93500000000017,121.57999999999993,131.64000000000033,24.554999999999836,35.677000000000135,46.909999999999854,28.27300000000014,29.365999999999985,30.412000000000035,22.423000000000002,44.83399999999983,31.187000000000126,30.44100000000003,30.208999999999833,33.39499999999998,43.7030000000002,20.478999999999814,31.25200000000018,16.144000000000005,35.299999999999955,21.322999999999865,22.478000000000065,43.90300000000002,17.26800000000003,29.154999999999973,19.534999999999854,31.608000000000175,25.82900000000018,33.35699999999997,42.41300000000001,23.609999999999673,15.882000000000062,31.363000000000284,42.259000000000015,42.13599999999997,3.0,2.0,8.0,1.0,4.0,4.0,4.0,4.0,5.0,5.0,4.0,5.0,3.0,1.0,4.0,0.0,3.0,1.0,3.0,1.0,2.0,2.0,2.0,2.0,4.0,0.0,3.0,1.0,-0.05364855526463498,-0.05519652626718066,0.5410578901403866,-0.048982246304854114,-0.054786266312022706,0.6338928307826329,-0.03970960307207796,-0.03323430537608411,0.47137441615762743,1.925347997616347,1.2013478170187106,0.4459968965621891,0.6322819896079096,5.377609,5.671814,2390.5130000000004,426.261,0.6091853490595565,273.462,0.39081465094044354,46.06099999999998,31.012,30.735250000000008,27.429250000000025,30.299999999999955,23.983750000000043,30.394999999999982,32.91000000000008,75.0,100.0,75.0,75.0,50.0,50.0,100.0,75.0,0.016282755476433434,0.032245582355217337,0.024401948902318994,0.02734307354375345,0.016501650165016528,0.020847448793453863,0.032900148050666246,0.02278942570647214
738.7303,5.5452999999999975,439.4244,300.00299999999993,25.0,7.0,123.9090000000001,89.47000000000003,69.54300000000012,73.78600000000006,98.08699999999999,73.02300000000014,74.52800000000002,90.41399999999976,35.807000000000016,19.55600000000004,22.58199999999988,26.894999999999982,26.937000000000126,26.644999999999982,17.867999999999938,21.16599999999994,18.298999999999978,24.427000000000135,14.68899999999985,15.142000000000053,17.798000000000002,22.692000000000007,17.623000000000047,18.0150000000001,29.832999999999856,7.904999999999973,32.67399999999998,29.94100000000003,17.30899999999997,18.77500000000009,18.162000000000035,20.646999999999935,13.200000000000045,19.91899999999987,20.811999999999898,24.162000000000262,20.746000000000095,24.799999999999727,20.957000000000335,23.910999999999603,1.0,1.0,6.0,1.0,1.0,2.0,2.0,2.0,5.0,5.0,4.0,7.0,4.0,0.0,4.0,0.0,4.0,0.0,3.0,1.0,1.0,3.0,3.0,1.0,4.0,0.0,2.0,2.0,-0.06438591679981369,-0.009424194164084526,0.5379715311446579,-0.047623710126303676,-0.03302328014672188,0.5716139655621686,-0.04122166409292389,-0.032899239840122135,0.5744899901228557,1.7277992854159143,1.6993417302930847,0.8958478000839215,0.8927082283509938,5.122482,5.316727,2253.891,209.388,0.6123172300853901,132.572,0.3876827699146099,30.977250000000026,22.367500000000007,17.38575000000003,18.446500000000015,24.521749999999997,18.255750000000035,18.632000000000005,22.60349999999994,100.0,100.0,100.0,75.0,25.0,75.0,100.0,50.0,0.03228175515902797,0.04470772325919301,0.0575183699293961,0.04065811942644943,0.01019503094191891,0.041082946468920675,0.05367110347788749,0.0221204680691044
563.3018,30.082200000000057,548.777,300.00800000000004,28.0,4.0,71.298,63.480999999999995,74.90000000000009,56.41599999999994,74.99099999999999,65.97300000000018,73.77700000000004,87.13099999999986,21.608999999999924,11.97199999999998,20.66300000000001,16.260999999999967,24.037000000000035,12.150000000000091,11.092999999999847,19.422000000000025,17.079999999999927,25.624000000000024,19.03300000000013,16.74000000000001,17.560999999999922,14.224999999999909,17.13500000000022,10.526999999999816,15.048000000000002,26.479000000000042,18.317000000000007,19.386999999999944,9.151000000000067,22.21199999999999,22.583000000000084,19.44699999999989,11.745000000000118,10.174999999999955,34.60400000000004,19.758000000000038,17.56399999999985,18.064000000000078,20.67100000000005,30.83199999999988,1.0,2.0,5.0,1.0,4.0,4.0,4.0,3.0,5.0,5.0,6.0,5.0,2.0,2.0,4.0,0.0,4.0,0.0,4.0,0.0,4.0,0.0,3.0,1.0,3.0,1.0,4.0,0.0,-0.023235376680081823,-0.10857588995928845,0.6718611067339699,-0.013402733422795255,-0.015564505309635542,0.6964673978369598,-0.023409952208343136,-0.011701062005316589,0.695710555950308,2.2745491977390446,2.3396649608188174,0.8871090437470842,0.8828943830220891,5.592209,5.759201,2154.0400000000004,346.77500000000003,0.6130763695766321,218.85600000000002,0.3869236304233679,17.8245,15.870249999999999,18.725000000000023,14.103999999999985,18.747749999999996,16.493250000000046,18.44425000000001,21.782749999999965,50.0,100.0,100.0,100.0,100.0,75.0,75.0,100.0,0.02805127773570086,0.06301097966320632,0.05340453938584773,0.07090187180941585,0.053339734101425514,0.045473148106043255,0.04066307927945021,0.045907885827088026
459.7932,4.975300000000004,382.1331,300.00339999999994,27.0,5.0,112.83200000000011,54.565000000000055,67.07199999999989,62.587999999999965,81.74800000000005,61.03899999999999,115.62799999999993,90.53999999999996,48.192999999999984,16.947999999999865,16.980999999999995,17.60200000000009,16.94699999999989,15.912000000000035,7.578999999999951,20.166000000000167,25.500999999999976,15.724999999999909,15.195000000000164,21.784999999999854,18.174999999999955,13.855000000000018,18.291000000000167,17.395999999999958,18.66599999999994,22.912000000000035,15.720000000000027,38.909999999999854,14.960000000000036,12.22199999999998,15.298999999999978,24.766000000000076,14.396999999999935,29.81600000000003,46.18100000000004,40.41300000000001,21.394999999999982,10.560999999999922,20.503000000000156,38.080999999999904,4.0,2.0,6.0,1.0,3.0,3.0,4.0,4.0,6.0,4.0,6.0,7.0,3.0,1.0,4.0,0.0,3.0,1.0,4.0,0.0,2.0,2.0,4.0,0.0,4.0,0.0,3.0,1.0,0.03993502546665183,-0.08878843687120454,0.5748381271435956,0.021583131337680292,-0.03083728358213837,0.6257697857046752,0.031113087607730756,-0.03859418234716007,0.6293455276215468,2.674602132741003,2.62308626176681,0.8499389520804768,0.8491459627314348,7.393723,6.719864,2019.655,77.811,0.2679746665426857,212.556,0.7320253334573145,28.208000000000027,13.641250000000014,16.767999999999972,15.646999999999991,20.437000000000012,15.259749999999997,28.906999999999982,22.63499999999999,75.0,100.0,75.0,100.0,50.0,100.0,100.0,75.0,0.026588201928530886,0.07330706496838625,0.04472805343511458,0.06391001469930342,0.024465430346919788,0.06553187306476188,0.03459369702840145,0.03313452617627569
397.2629,55.961299999999994,331.3882,300.01060000000007,29.0,3.0,86.75599999999986,56.184999999999945,71.42499999999995,76.05799999999999,84.27800000000002,68.54599999999982,102.39699999999993,96.82600000000002,38.090999999999894,12.911000000000058,14.187999999999874,27.710000000000036,15.942000000000007,11.67100000000005,15.698000000000093,17.116999999999962,24.781999999999925,25.595000000000027,11.316000000000031,14.782999999999902,19.24700000000007,19.057999999999993,23.057000000000016,18.644999999999982,18.451999999999998,23.117999999999938,21.35699999999997,24.550000000000182,17.357999999999947,21.04099999999994,12.6099999999999,21.031000000000176,29.625,21.521999999999935,32.358999999999924,23.888000000000147,18.31899999999996,22.406999999999925,28.093000000000075,28.007000000000062,3.0,1.0,6.0,3.0,4.0,3.0,4.0,5.0,5.0,5.0,5.0,5.0,3.0,1.0,4.0,0.0,4.0,0.0,3.0,1.0,4.0,0.0,3.0,1.0,4.0,0.0,4.0,0.0,-0.10345632142029956,-0.20363785939455753,0.591722953700435,-0.08526863448211228,-0.12003405131472929,0.669088255764,-0.06624832202339268,-0.1218855865518928,0.671403068121389,2.887255796538479,3.068584502672264,0.8838473940670228,0.879302198400418,6.017548,6.179047,1893.0710000000001,315.48600000000005,0.7831176664788425,87.373,0.21688233352115752,21.688999999999965,14.046249999999986,17.85624999999999,19.014499999999998,21.069500000000005,17.136499999999955,25.599249999999984,24.206500000000005,75.0,100.0,100.0,75.0,100.0,75.0,100.0,100.0,0.03457974088247504,0.07119337901575161,0.05600280014000704,0.039443582529122515,0.04746197109565959,0.0437662299769499,0.03906364444270831,0.041311218061264525
327.8929,4.327800000000025,360.54349999999994,300.0051000000001,27.0,5.0,70.14399999999989,90.673,110.54500000000007,67.96299999999997,61.66099999999983,84.54999999999995,61.8280000000002,57.35299999999984,14.17599999999993,9.767000000000053,13.956000000000131,14.092999999999847,28.50999999999999,21.02300000000014,13.971000000000004,31.39099999999985,24.285000000000082,23.866999999999962,40.57899999999995,24.736000000000104,15.667999999999893,10.230999999999995,33.96199999999999,13.578000000000202,7.5190000000000055,13.005999999999858,14.303000000000111,30.89799999999991,12.259999999999991,23.057999999999993,15.65800000000013,39.9699999999998,9.512000000000171,15.567999999999984,20.182000000000016,19.730000000000018,12.799999999999955,10.722999999999956,14.461000000000013,19.368999999999915,1.0,1.0,6.0,2.0,6.0,6.0,7.0,5.0,7.0,5.0,7.0,8.0,3.0,1.0,4.0,0.0,4.0,0.0,4.0,0.0,3.0,1.0,4.0,0.0,3.0,1.0,2.0,2.0,0.011122942667234674,-0.1701595760580412,0.76311651950557,-0.02005646894132744,-0.05613858534497036,0.824148759070199,-0.0121382926335547,-0.048038379816074006,0.8318456620964112,3.3855646737892333,3.407721357295534,0.8664451865591912,0.6521962228204199,6.249405,6.512726,1769.7910000000002,186.979,0.5719481457010364,139.937,0.42805185429896364,17.535999999999973,22.66825,27.636250000000018,16.99074999999999,15.415249999999958,21.13749999999999,15.45700000000005,14.33824999999996,75.0,100.0,100.0,100.0,75.0,100.0,75.0,50.0,0.04276916058394167,0.04411456552667277,0.03618435931068793,0.05885555375719144,0.04865311947584386,0.04730928444707276,0.048521705376204795,0.034871759105888196
251.6684,30.15360000000001,587.6608,300.00520000000006,19.0,13.0,92.70800000000008,36.30400000000009,20.730000000000018,29.748000000000047,19.57899999999995,35.20699999999988,24.67599999999993,17.028999999999996,15.444999999999936,9.338999999999942,26.188000000000102,15.071999999999889,12.517000000000053,7.150000000000091,9.916999999999916,11.24499999999989,7.371000000000095,4.400000000000091,4.44399999999996,11.039999999999964,11.088999999999942,3.3220000000001164,6.789999999999964,13.038000000000011,6.714999999999918,4.0090000000000146,2.910000000000082,14.692000000000007,21.10699999999997,5.097999999999956,4.248000000000047,8.98700000000008,9.685999999999922,2.9449999999999363,7.858999999999924,7.319000000000187,7.155999999999949,3.0429999999998927,3.421000000000049,3.4090000000001055,6.0,2.0,8.0,9.0,5.0,4.0,2.0,6.0,7.0,6.0,4.0,5.0,2.0,2.0,3.0,1.0,4.0,0.0,2.0,2.0,2.0,2.0,1.0,3.0,3.0,1.0,2.0,2.0,-0.09956785024579433,-0.17205384316414432,0.5634289749189866,-0.09412466630093667,-0.044601238635733335,0.6233410113318343,-0.09467957980696687,-0.03970273047478059,0.6026397684654197,1.7898441690611409,1.7814131059935252,0.7497329713045593,0.7786009612411111,5.389557,5.701416,1610.37,242.69500000000002,0.8734654655519285,35.158,0.12653453444807145,23.17700000000002,9.076000000000022,5.1825000000000045,7.437000000000012,4.894749999999988,8.80174999999997,6.168999999999983,4.257249999999999,50.0,75.0,100.0,50.0,50.0,25.0,75.0,50.0,0.021573111274107933,0.08263552225650046,0.19295706705258064,0.0672314105149925,0.10215026303692758,0.02840344249723076,0.12157562003566252,0.11744670855599275
442.9685,7.314700000000016,357.16389999999996,300.00290000000007,29.0,3.0,95.71799999999985,124.80700000000002,142.36300000000006,98.53300000000013,126.40899999999988,115.32500000000005,114.34300000000007,113.72600000000011,27.794999999999845,19.93600000000015,27.14300000000003,15.983999999999924,21.276000000000067,27.736999999999853,43.875,38.932000000000016,50.31600000000003,31.962999999999965,23.256000000000085,40.281999999999925,19.207000000000107,39.65599999999995,22.88799999999992,20.024000000000115,20.34699999999998,36.975999999999885,27.616000000000213,44.41299999999978,28.220000000000027,37.30000000000018,19.187999999999874,34.49800000000005,22.473999999999933,25.15800000000013,46.09899999999993,22.376999999999953,33.04600000000005,26.454999999999927,22.98700000000008,31.238000000000056,3.0,2.0,5.0,2.0,4.0,5.0,6.0,6.0,6.0,6.0,7.0,7.0,3.0,1.0,4.0,0.0,4.0,0.0,3.0,1.0,4.0,0.0,3.0,1.0,4.0,0.0,4.0,0.0,0.028373366126971118,-0.06130775032810457,0.665160116204481,0.0001692191768216883,-0.04957066014201821,0.7052139573929423,0.022575249822864626,-0.04662300181376359,0.7008960265605666,2.2733487834762243,2.1228095102693567,0.8754152406537912,0.8734235918765978,5.431244,4.962463,2145.757,180.57000000000002,0.427602211776407,241.715,0.572397788223593,23.929499999999962,31.201750000000004,35.590750000000014,24.633250000000032,31.60224999999997,28.83125000000001,28.58575000000002,28.431500000000028,75.0,100.0,100.0,75.0,100.0,75.0,100.0,100.0,0.03134206732276066,0.03204948440391965,0.028097188173893485,0.030446652390569616,0.03164331653600617,0.026013440277476686,0.03498246503939898,0.03517225612436906
368.2454,6.867999999999995,370.4943,300.0033000000001,27.0,5.0,122.1110000000001,73.65000000000009,82.77800000000002,76.33799999999997,104.17000000000007,63.488000000000056,72.56000000000017,75.49900000000002,28.336000000000013,17.57400000000007,29.03800000000001,21.138999999999896,16.391000000000076,10.858999999999924,26.28800000000001,23.411000000000058,27.833000000000084,16.50799999999981,16.578000000000202,25.163999999999987,31.09699999999998,17.227999999999838,11.097000000000207,19.04599999999982,23.48700000000008,44.603000000000065,11.513999999999896,26.304000000000087,20.575000000000045,16.519000000000005,11.911999999999807,16.83699999999999,17.5300000000002,15.755999999999858,19.125999999999976,23.042000000000144,18.529999999999973,20.462999999999965,21.24000000000001,15.266000000000076,4.0,2.0,6.0,3.0,7.0,5.0,6.0,7.0,7.0,6.0,6.0,7.0,4.0,0.0,3.0,1.0,3.0,1.0,3.0,1.0,3.0,1.0,3.0,1.0,4.0,0.0,4.0,0.0,-0.014070890601453556,0.005580199987477971,0.655709062467141,-0.012912523572859883,-0.029873548483305912,0.7156998387522716,-0.005731378319498762,-0.035799131694902224,0.7140319354180215,3.2354464284712754,3.2910895141866954,0.8788159249364845,0.8674719489364879,6.775406,6.638672,1787.469,153.232,0.5013020662941492,152.436,0.49869793370585075,30.527750000000026,18.412500000000023,20.694500000000005,19.08449999999999,26.042500000000018,15.872000000000014,18.140000000000043,18.874750000000006,100.0,75.0,75.0,75.0,75.0,75.0,100.0,100.0,0.03275708167159385,0.0407331975560081,0.03624151344560148,0.039298907490371786,0.028799078429490237,0.04725302419354835,0.05512679162072754,0.052980834183234196
318.5246,21.487899999999968,357.69970000000006,300.0009,29.0,3.0,124.09399999999994,78.50099999999998,110.10900000000015,104.36300000000006,127.79099999999994,101.1880000000001,103.68599999999992,103.03700000000003,34.20399999999995,28.8420000000001,27.139999999999873,24.067999999999984,20.567000000000007,11.694999999999936,12.288000000000011,38.134000000000015,32.10100000000011,31.394000000000005,32.08999999999992,17.662000000000035,33.184999999999945,18.28300000000013,27.35199999999986,38.11500000000001,30.192999999999984,47.96600000000012,19.346000000000004,32.77299999999991,21.27500000000009,27.669999999999845,22.688000000000102,34.91399999999999,22.222999999999956,23.82400000000007,38.95100000000002,21.357999999999947,18.15599999999995,19.990999999999985,31.332000000000107,33.55799999999999,2.0,2.0,6.0,3.0,5.0,6.0,6.0,6.0,7.0,6.0,7.0,7.0,4.0,0.0,4.0,0.0,4.0,0.0,4.0,0.0,3.0,1.0,3.0,1.0,3.0,1.0,4.0,0.0,-0.011429040693791038,0.0745177936950737,0.6849479812118933,-0.026234635201140222,-0.004084601517316694,0.7256726096030622,-0.007470965379460268,-0.013278241486093084,0.7324514245316708,3.0584163137641305,2.8020769595000514,0.8869938846550169,0.8794011383259382,5.982025,5.504593,1952.2510000000002,198.25400000000002,0.5447181947317953,165.703,0.4552818052682047,31.023499999999984,19.625249999999994,27.527250000000038,26.090750000000014,31.947749999999985,25.297000000000025,25.92149999999998,25.75925000000001,100.0,100.0,100.0,100.0,75.0,75.0,75.0,100.0,0.03223362934549617,0.050954764907453425,0.03632763897592381,0.038327759838256835,0.023475831631335552,0.02964778432225162,0.028933510792199548,0.038821006046371676
373.9832,23.363999999999976,392.89820000000003,300.0096000000001,27.0,5.0,146.03500000000008,89.07300000000009,130.21800000000007,90.36200000000008,91.13400000000001,94.62800000000016,142.89200000000005,95.5440000000001,44.875999999999976,28.49500000000012,29.676999999999907,25.876999999999953,18.34900000000016,23.15300000000002,22.05699999999979,28.2650000000001,49.30099999999993,19.860000000000127,36.60299999999984,28.363000000000056,18.413999999999987,18.083000000000084,32.63799999999992,23.69600000000014,30.139999999999873,22.38499999999999,18.292000000000144,21.755999999999858,19.968000000000075,31.677999999999884,20.95400000000018,26.520999999999958,35.277000000000044,28.176999999999907,46.28500000000008,34.68899999999985,37.65000000000009,17.368999999999915,14.490999999999985,26.034000000000106,4.0,2.0,6.0,1.0,4.0,5.0,5.0,5.0,6.0,6.0,7.0,6.0,3.0,1.0,3.0,1.0,4.0,0.0,4.0,0.0,4.0,0.0,3.0,1.0,2.0,2.0,4.0,0.0,0.0016417254517165057,-0.026461959913436715,0.6640795563826615,0.01759008695563125,-0.030037303604379208,0.7649021734185387,-0.06983390579323857,-0.05613977413214277,0.7664981879570859,2.746307179813562,2.677828829127825,0.9459111558760244,0.9276807236919948,5.825348,5.418152,2047.849,256.869,0.4551751634681835,307.461,0.5448248365318165,36.50875000000002,22.268250000000023,32.55450000000002,22.59050000000002,22.783500000000004,23.65700000000004,35.72300000000001,23.886000000000024,75.0,75.0,100.0,100.0,100.0,75.0,50.0,100.0,0.02054302050878213,0.033680239803307366,0.030717719516503077,0.044266395166109605,0.04389141264511598,0.031703089994504746,0.01399658483330067,0.04186552792430708
438.3572,6.651499999999999,426.8736,300.00569999999993,23.0,9.0,165.7059999999999,93.20100000000002,93.96100000000001,110.29599999999982,100.25400000000013,84.39200000000005,96.22900000000004,106.95100000000025,50.057000000000016,33.16899999999987,39.531999999999925,18.680000000000064,30.260999999999967,23.723000000000184,18.965999999999894,45.82400000000007,27.102999999999838,38.889000000000124,12.910000000000082,19.798999999999978,44.91099999999983,22.85900000000015,32.27599999999984,14.855000000000018,26.399000000000115,33.88499999999999,16.791999999999916,26.60200000000009,20.176999999999907,29.08699999999999,19.34699999999998,18.951000000000022,24.730000000000018,25.822000000000116,26.442999999999984,23.330999999999904,28.076999999999998,15.825000000000045,30.852999999999838,32.19600000000037,3.0,4.0,8.0,1.0,6.0,4.0,5.0,4.0,5.0,5.0,5.0,6.0,2.0,2.0,4.0,0.0,3.0,1.0,4.0,0.0,3.0,1.0,2.0,2.0,3.0,1.0,2.0,2.0,-0.0582749912280673,-0.10358339747177328,0.7128764541281348,-0.05129025227115084,-0.04448902599143576,0.7646129362033213,-0.051992407976212365,-0.05243353429205519,0.7589540932936016,2.910165899595826,3.0444226992600334,0.9464617455290034,0.9560777976911843,5.722198,6.150787,2152.3540000000003,232.776,0.5736493330146064,173.00500000000002,0.42635066698539364,41.426499999999976,23.300250000000005,23.490250000000003,27.573999999999955,25.063500000000033,21.098000000000013,24.05725000000001,26.737750000000062,50.0,100.0,75.0,100.0,75.0,50.0,75.0,50.0,0.012069568995691171,0.04291799444211971,0.031928140398676044,0.03626604772611887,0.02992399305763357,0.023698928808417844,0.03117563312514937,0.01870015240624207
464.9645,27.834000000000003,473.1327,300.0008,24.0,8.0,167.163,136.21800000000007,130.4480000000001,144.55600000000004,144.73700000000008,174.115,153.59100000000035,164.71799999999985,42.49000000000001,26.687999999999874,38.403999999999996,19.294000000000096,36.559999999999945,30.74500000000012,46.17699999999991,29.75299999999993,31.910000000000082,38.96900000000005,26.607999999999947,38.47000000000003,44.10200000000009,34.521999999999935,44.330999999999904,25.73199999999997,45.003000000000156,38.947999999999865,13.7650000000001,52.375999999999976,44.75200000000018,38.67099999999982,45.340000000000146,50.24399999999969,29.153000000000247,43.391000000000076,41.74299999999994,45.534999999999854,42.92599999999993,31.452999999999975,45.89900000000034,44.4399999999996,4.0,1.0,5.0,2.0,6.0,4.0,4.0,6.0,8.0,8.0,8.0,9.0,2.0,2.0,3.0,1.0,4.0,0.0,4.0,0.0,2.0,2.0,3.0,1.0,3.0,1.0,3.0,1.0,-0.09153523556951271,-0.0016375711320655833,0.6312090552117315,-0.0662991323194452,-0.03889031797202959,0.6944678146429114,-0.06569705402001644,-0.04084413979367859,0.6952521996328115,2.3924600687167263,1.9930470142182053,0.7295907896554951,0.6016835012493721,4.926529,4.40802,2588.7810000000004,501.115,0.6408292294294348,280.86400000000003,0.3591707705705652,41.79075,34.05450000000002,32.61200000000002,36.13900000000001,36.18425000000002,43.52875,38.39775000000009,41.17949999999996,50.0,75.0,100.0,100.0,50.0,75.0,75.0,75.0,0.011964370105824853,0.022023521120556742,0.030663559425978145,0.027670937214643452,0.01381816674381809,0.01722999167217069,0.019532394476238796,0.018212945761847538
376.9432,23.587300000000027,481.5459,300.00159999999994,25.0,7.0,172.08300000000008,68.96800000000007,78.24099999999999,140.93999999999983,144.41499999999996,121.346,147.44600000000014,110.59900000000016,39.90100000000007,43.85699999999997,13.879999999999882,29.881000000000085,16.2349999999999,18.664999999999964,10.973000000000184,25.05899999999997,9.524999999999864,25.0,20.402000000000044,25.399000000000115,39.10799999999995,33.896999999999935,39.81400000000008,29.94900000000007,30.774999999999864,38.371000000000095,31.21199999999999,45.875,26.115999999999985,29.692999999999984,17.795000000000073,49.89799999999991,23.713999999999942,43.69200000000001,43.60799999999995,38.36000000000013,23.036000000000058,27.278999999999996,30.403999999999996,29.88000000000011,4.0,1.0,2.0,1.0,2.0,2.0,3.0,3.0,4.0,4.0,5.0,4.0,3.0,1.0,4.0,0.0,2.0,2.0,3.0,1.0,2.0,2.0,3.0,1.0,4.0,0.0,4.0,0.0,0.025409147451946706,0.06649608828326656,0.7304873250007842,-0.008417643127810754,-0.03452390889686579,0.7540715107706217,0.007547949206959376,-0.04012244281510462,0.7552071497585274,2.789143852032656,2.604546565443275,0.8894543825562929,0.9024791782968039,5.485901,5.402664,2232.9820000000004,299.844,0.5530024289437138,242.36700000000002,0.4469975710562862,43.02075000000002,17.24200000000002,19.560249999999996,35.23499999999996,36.10374999999999,30.3365,36.861500000000035,27.64975000000004,75.0,100.0,50.0,75.0,50.0,75.0,100.0,100.0,0.017433447812973964,0.057997912075165234,0.025562045474878906,0.02128565346956154,0.013848976906831012,0.024722693784714783,0.02712857588540887,0.036166692284740315
564.949,24.068300000000022,945.0507,300.0039999999999,24.0,8.0,229.14599999999996,145.89400000000023,179.7159999999999,140.83500000000004,179.46399999999994,131.92800000000034,172.55000000000018,177.20600000000013,50.093000000000075,34.006999999999834,45.18500000000017,83.36699999999973,46.74800000000005,24.922000000000025,28.876000000000204,49.14499999999998,45.210999999999785,44.521999999999935,41.96300000000019,51.7829999999999,39.29600000000028,31.416999999999916,31.096000000000004,42.36900000000014,47.01499999999987,47.71299999999974,41.277000000000044,46.14499999999998,30.8420000000001,33.77300000000014,27.05899999999974,42.55799999999999,45.97400000000016,43.99499999999989,44.2470000000003,40.822999999999865,46.059999999999945,40.67599999999993,45.90599999999995,44.564000000000306,3.0,4.0,6.0,2.0,5.0,6.0,7.0,6.0,6.0,7.0,6.0,7.0,3.0,1.0,3.0,1.0,2.0,2.0,4.0,0.0,3.0,1.0,3.0,1.0,3.0,1.0,3.0,1.0,0.023910967232307023,-0.18807589596118068,0.7033307688218872,-0.02816001293767088,-0.0845919606027058,0.7636984875119407,-0.005279763211122569,-0.09007272448606501,0.7668522115857458,2.571670380943777,2.529289085588598,0.8885917363884869,0.8817858250757122,5.588638,5.569717,3337.9120000000003,371.853,0.4252110314986381,502.66100000000006,0.574788968501362,57.28649999999999,36.47350000000006,44.928999999999974,35.20875000000001,44.865999999999985,32.982000000000085,43.137500000000045,44.30150000000003,75.0,75.0,50.0,100.0,75.0,75.0,75.0,75.0,0.013092089759367393,0.02056287441567162,0.0111286696788266,0.028402030745198273,0.01671644452369278,0.02273967618701104,0.017386264850767875,0.016929449341444407
552.14,28.391500000000065,656.7974999999999,300.009,22.0,10.0,240.279,164.13099999999986,174.52600000000007,171.87699999999995,168.9459999999999,142.80199999999968,181.0,144.7779999999998,49.162000000000035,29.89800000000014,43.50499999999988,58.042000000000144,44.722999999999956,43.96499999999992,30.536000000000058,50.531999999999925,50.08699999999999,41.067000000000235,37.80899999999974,55.19200000000001,46.92500000000018,39.460999999999785,42.903999999999996,51.18600000000015,50.0619999999999,32.77399999999989,41.48199999999997,47.66700000000037,18.10699999999997,42.34299999999985,41.11400000000003,45.652000000000044,45.75099999999975,42.7170000000001,45.853000000000065,50.077000000000226,34.228999999999814,41.1840000000002,38.228999999999814,31.135999999999967,6.0,1.0,6.0,2.0,8.0,4.0,9.0,8.0,9.0,8.0,8.0,7.0,2.0,2.0,4.0,0.0,2.0,2.0,3.0,1.0,2.0,2.0,3.0,1.0,3.0,1.0,3.0,1.0,0.011138589161484818,0.05237024404565115,0.6645307168551395,-0.02064336864410438,-0.03703024644832196,0.7641489587563287,-0.005703149548321844,-0.034539194100380415,0.7614522232936569,2.079465056668735,2.296005335432034,0.9125925125815725,0.9071479245520484,4.175568,4.333923,3028.6980000000003,355.92,0.4235730946827248,484.36,0.5764269053172751,60.06975,41.032749999999965,43.63150000000002,42.96924999999999,42.23649999999998,35.70049999999992,45.25,36.19449999999995,50.0,100.0,50.0,75.0,50.0,75.0,75.0,75.0,0.008323657081975537,0.024370777001297764,0.011459610602431725,0.017454342349470846,0.011838102115468855,0.021008109130124276,0.016574585635359115,0.020721380320214425
453.8723,21.677999999999997,412.4407,300.01,29.0,3.0,103.95700000000011,70.60699999999997,56.621000000000095,57.552000000000135,65.92700000000013,77.77999999999997,79.57399999999984,60.25599999999986,26.65599999999995,17.490999999999985,15.893000000000029,13.282999999999902,28.963999999999942,12.769000000000005,14.162000000000035,18.479000000000042,22.466000000000122,13.505999999999858,9.788000000000011,15.009999999999991,14.00500000000011,15.952999999999975,15.792999999999893,13.836999999999989,8.994000000000142,17.972999999999956,15.798999999999978,25.044000000000096,5.954999999999927,31.676999999999907,12.114000000000033,29.573000000000093,14.927999999999884,12.759999999999991,38.625999999999976,14.840000000000146,13.746999999999844,13.854000000000042,16.304000000000087,16.350999999999885,2.0,2.0,4.0,1.0,2.0,2.0,2.0,2.0,3.0,4.0,4.0,5.0,4.0,0.0,4.0,0.0,3.0,1.0,4.0,0.0,4.0,0.0,2.0,2.0,4.0,0.0,4.0,0.0,0.01715631258338251,-0.05077079821369775,0.6709162178168727,0.0012407044543559253,-0.02860649612781388,0.7079304306917265,0.007437138445069205,-0.0326133587092388,0.7352443553704062,2.730326685093328,2.9760838175095268,0.9503249561263525,0.9425607637888919,5.933594,6.320068,1832.663,127.38700000000001,0.48479993301923424,135.375,0.5152000669807658,25.989250000000027,17.651749999999993,14.155250000000024,14.388000000000034,16.481750000000034,19.444999999999993,19.89349999999996,15.063999999999965,100.0,100.0,75.0,100.0,100.0,50.0,100.0,100.0,0.03847744740613904,0.05665160678119736,0.05298387524063501,0.06950236308034458,0.06067316880792379,0.025713551041398826,0.05026767537135255,0.0663834306956985
358.9561,15.518700000000024,459.9921,300.0070999999999,25.0,7.0,127.39700000000016,47.70499999999993,54.41899999999987,69.57199999999989,76.85199999999986,74.20000000000005,81.471,57.753999999999905,14.08900000000017,9.684999999999945,22.249000000000024,11.933999999999969,19.36200000000008,11.095000000000027,8.4699999999998,10.81100000000015,13.846000000000004,17.759000000000015,10.43899999999985,21.58900000000017,16.649999999999864,16.73400000000015,26.514999999999873,14.979000000000042,10.571999999999889,26.59900000000016,13.304999999999836,28.131000000000085,10.076000000000022,20.47700000000009,18.39099999999985,26.923999999999978,10.660000000000082,16.125,28.402000000000044,27.80600000000004,15.019999999999982,20.41899999999987,10.197000000000116,12.117999999999938,4.0,3.0,6.0,1.0,3.0,4.0,4.0,5.0,5.0,5.0,5.0,5.0,3.0,1.0,4.0,0.0,1.0,3.0,4.0,0.0,3.0,1.0,3.0,1.0,3.0,1.0,4.0,0.0,-0.09524809770993274,-0.043723099991774664,0.7241966644382309,-0.04340632516477805,0.012255037846544253,0.7669095445557941,-0.10770700695135374,0.004363806143040067,0.7597083067028936,2.2457481680678337,2.3643157166361495,0.9673319020879747,0.9621113830694074,4.628632,5.109314,1834.9160000000002,224.35700000000003,0.7663983985898846,68.385,0.23360160141011538,31.84925000000004,11.926249999999982,13.604749999999967,17.392999999999972,19.212999999999965,18.55000000000001,20.36775,14.438499999999976,75.0,100.0,25.0,100.0,75.0,75.0,75.0,100.0,0.0235484352064805,0.08384865318100841,0.018375934875686846,0.05749439429655618,0.0390360693280592,0.04043126684636116,0.036822918584527006,0.0692592720850505
679.9801,6.127700000000004,420.1812,300.0060000000001,29.0,3.0,103.95700000000011,50.32600000000002,57.67899999999986,69.62300000000005,62.569999999999936,77.90800000000013,99.1099999999999,72.93200000000002,24.71400000000017,19.718999999999824,20.590000000000146,13.349999999999909,11.32899999999995,13.637000000000171,14.41599999999994,16.18100000000004,13.229000000000042,17.026999999999816,14.201999999999998,17.537000000000035,10.90800000000013,10.151999999999816,32.37300000000005,19.45600000000013,8.620999999999867,21.302000000000135,15.343999999999824,20.75,16.557999999999993,21.05600000000004,15.685000000000173,27.616999999999962,31.531999999999925,17.048000000000002,35.184999999999945,16.97700000000009,14.552999999999884,15.1550000000002,22.682999999999993,20.54099999999994,4.0,4.0,5.0,2.0,5.0,7.0,8.0,8.0,9.0,9.0,9.0,9.0,4.0,0.0,4.0,0.0,3.0,1.0,3.0,1.0,4.0,0.0,3.0,1.0,4.0,0.0,4.0,0.0,-0.009030212633117205,-0.19634223206225176,0.45266105259029077,-0.01314393857375019,-0.1364148267189392,0.5981045813055187,0.010755384226414264,-0.12714445447673448,0.5874669222858125,1.6689512685932661,1.6307970236491953,0.8957165960422975,0.9225721042916315,4.875885,5.233078,2084.5020000000004,187.751,0.6048757071611748,122.64500000000001,0.3951242928388253,25.989250000000027,12.581500000000005,14.419749999999965,17.405750000000012,15.642499999999984,19.477000000000032,24.777499999999975,18.233000000000004,100.0,100.0,75.0,75.0,100.0,75.0,100.0,100.0,0.03847744740613904,0.07948177880220957,0.05201199743407492,0.04308920902575295,0.06392840019178526,0.03850695692355079,0.040359196851982686,0.05484560960895079
494.0736,43.06109999999995,358.00710000000004,300.0061999999999,25.0,7.0,103.73399999999992,99.59699999999998,88.25900000000001,64.61500000000001,99.55799999999999,55.31899999999996,89.02399999999989,94.60500000000002,19.422000000000025,15.680999999999813,36.42900000000009,24.008000000000038,22.213999999999942,41.28099999999995,14.079000000000178,24.135999999999967,21.947999999999865,13.869000000000142,25.789999999999964,28.348999999999933,17.91599999999994,17.701000000000022,14.993000000000166,15.448999999999842,31.223000000000184,29.86299999999983,14.34900000000016,25.962999999999965,11.754999999999882,19.455000000000155,13.56899999999996,12.240999999999985,22.687999999999874,23.215000000000146,21.623000000000047,22.9079999999999,32.66300000000001,5.192000000000007,28.136999999999944,28.613000000000056,2.0,2.0,3.0,1.0,2.0,3.0,3.0,2.0,3.0,3.0,3.0,3.0,3.0,1.0,3.0,1.0,2.0,2.0,4.0,0.0,3.0,1.0,3.0,1.0,3.0,1.0,4.0,0.0,-0.052116330245785526,-0.08315101113172077,0.697202080340804,-0.026649046446466224,-0.00799804856147658,0.7299827350228297,-0.04280056044906977,-0.007121256255331087,0.7378016518517413,2.5582141187501866,2.618789655501507,0.9630626985232923,0.9553946445514083,5.303909,5.625259,1994.5049999999999,219.97400000000002,0.6083503184537227,141.61700000000002,0.39164968154627744,25.93349999999998,24.899249999999995,22.064750000000004,16.153750000000002,24.889499999999998,13.82974999999999,22.255999999999972,23.651250000000005,75.0,75.0,50.0,100.0,75.0,75.0,75.0,100.0,0.028920122621319936,0.03012138919846984,0.02266057852456973,0.06190513038768087,0.030133188694027604,0.05423091523707952,0.0336987778576564,0.04228106336874372
341.049,3.8788000000000125,480.4449,300.0013,27.0,5.0,200.23399999999992,104.40499999999997,121.5,99.04600000000005,103.106,134.0250000000001,125.44100000000003,83.22600000000011,48.87999999999988,33.09699999999998,40.34400000000005,52.21199999999999,29.422000000000025,27.04300000000012,18.324999999999818,34.784000000000106,40.069999999999936,43.43600000000015,18.743999999999915,26.962999999999965,27.055000000000064,24.510999999999967,22.623000000000047,30.75499999999988,22.491999999999962,27.516000000000076,12.694999999999936,45.749000000000024,25.31899999999996,32.799000000000206,38.55699999999979,44.113000000000056,23.292000000000144,22.81899999999996,44.52599999999984,39.33800000000019,33.74299999999994,24.739000000000033,13.164999999999964,11.579000000000178,6.0,3.0,7.0,2.0,4.0,5.0,6.0,7.0,7.0,7.0,6.0,6.0,3.0,1.0,4.0,0.0,2.0,2.0,4.0,0.0,3.0,1.0,3.0,1.0,4.0,0.0,4.0,0.0,0.0487756019018196,-0.10829067330593968,0.6760240568154943,0.021708976166316736,-0.0837945968196673,0.7573124517384543,0.0324763542723376,-0.07471179099584269,0.7585214278391567,3.510195434849781,3.496007272429483,0.9239552552778535,0.92127261950115,6.207077,6.480545,2192.251,174.107,0.3211233886838528,368.074,0.6788766113161472,50.05849999999998,26.101249999999993,30.375,24.761500000000012,25.7765,33.50625000000002,31.360250000000008,20.806500000000028,75.0,100.0,50.0,100.0,75.0,75.0,100.0,100.0,0.014982470509503886,0.038312341362961556,0.01646090534979424,0.04038527552854227,0.02909626985820418,0.022383883603805246,0.03188750089683595,0.04806190373200676
549.9363,17.99369999999999,572.342,300.00199999999995,22.0,10.0,134.54899999999998,105.57399999999984,154.05700000000002,59.490999999999985,157.03899999999976,137.52100000000019,134.77800000000025,146.0630000000001,50.08699999999999,18.208000000000084,25.89799999999991,46.40800000000013,19.146999999999935,33.51800000000003,13.231999999999971,43.853000000000065,34.705999999999904,49.825000000000045,38.98299999999995,35.261999999999944,6.692000000000007,16.39300000000003,21.26800000000003,17.659000000000106,32.506999999999834,37.76300000000015,39.04599999999982,50.371000000000095,26.182999999999993,45.73999999999978,41.60900000000038,30.44699999999966,32.835000000000036,28.30300000000034,41.55399999999963,35.13200000000006,32.45900000000029,42.435999999999694,42.794000000000324,28.373999999999796,4.0,2.0,3.0,5.0,5.0,5.0,5.0,5.0,5.0,6.0,5.0,5.0,3.0,1.0,4.0,0.0,3.0,1.0,4.0,0.0,1.0,3.0,0.0,4.0,4.0,0.0,3.0,1.0,0.00024299244396061464,-0.07017556885969851,0.6116654897688669,-0.005866147819903066,-0.05109727350889291,0.6917761061998127,0.0003265078865801633,-0.0754084090982436,0.692226270948392,2.8682268442126415,3.361416314181369,0.8564074942185866,0.8603908902399856,6.225891,7.391418,2560.5620000000004,354.78000000000003,0.5079598706261517,343.661,0.4920401293738482,33.637249999999995,26.39349999999996,38.514250000000004,14.872749999999996,39.25974999999994,34.380250000000046,33.69450000000006,36.515750000000025,75.0,100.0,75.0,100.0,25.0,0.0,100.0,75.0,0.02229670974886473,0.037888116392293614,0.01947331182614227,0.06723706106806074,0.006367844930240269,0.0,0.029678434165813356,0.020539082450723303
512.5151,4.1088000000000875,498.71709999999996,300.00200000000007,29.0,3.0,119.6690000000001,90.85899999999992,83.40699999999993,76.01800000000003,75.27700000000004,72.48199999999997,98.0,64.0809999999999,41.690000000000055,7.714999999999918,13.805000000000064,19.36200000000008,31.669999999999845,15.753000000000156,16.05399999999986,31.07900000000018,21.041999999999916,18.895999999999958,27.118999999999915,18.771000000000186,21.684999999999945,13.298999999999978,29.654999999999973,13.133000000000038,16.670000000000073,20.424999999999955,15.239000000000033,24.81899999999996,19.30399999999986,24.087000000000216,15.241999999999962,17.11999999999989,23.327999999999975,25.006000000000085,38.475999999999885,13.71400000000017,13.59199999999987,19.94600000000014,17.370999999999867,13.172000000000025,1.0,1.0,8.0,1.0,3.0,3.0,3.0,3.0,3.0,3.0,4.0,4.0,3.0,1.0,4.0,0.0,4.0,0.0,4.0,0.0,4.0,0.0,3.0,1.0,3.0,1.0,4.0,0.0,-0.10140406841567451,-0.1648059751923238,0.6393220871690453,-0.057655207779624615,-0.0631826701269806,0.6980617991274358,-0.04117857756149204,-0.06389019840410823,0.7020699137613907,2.610206815090425,2.6672551785391843,0.9248940318171527,0.922048625264842,6.389877,6.242081,2073.6980000000003,253.11700000000002,0.6801021025055417,119.058,0.3198978974944582,29.917250000000024,22.71474999999998,20.85174999999998,19.004500000000007,18.81925000000001,18.120499999999993,24.5,16.020249999999976,75.0,100.0,100.0,100.0,100.0,75.0,75.0,100.0,0.02506914906951673,0.044024257365808596,0.04795760547675859,0.052619116525033524,0.05313708038311832,0.04138958638006679,0.030612244897959183,0.06242099842386988
472.7893,4.669600000000003,522.0686000000001,300.00549999999987,25.0,7.0,111.44000000000005,71.94399999999996,79.84000000000015,66.31000000000017,101.23399999999992,92.09999999999991,90.26700000000005,78.45299999999997,37.83100000000013,7.180999999999813,32.01800000000003,29.076000000000022,30.476000000000113,13.630999999999858,15.221000000000004,16.230000000000018,17.343000000000075,33.567999999999984,17.710000000000036,17.41899999999987,9.958000000000084,28.5,14.100999999999885,15.516000000000076,20.549999999999955,29.721000000000004,20.651000000000067,32.442999999999984,17.59400000000005,22.934999999999945,34.028999999999996,21.14300000000003,16.007000000000062,18.49000000000001,39.914999999999964,17.435999999999922,15.516000000000076,14.45900000000006,17.954999999999927,30.52299999999991,4.0,1.0,2.0,3.0,4.0,4.0,5.0,4.0,5.0,5.0,6.0,6.0,3.0,1.0,4.0,0.0,3.0,1.0,3.0,1.0,2.0,2.0,3.0,1.0,3.0,1.0,4.0,0.0,-0.04055592003723778,-0.07843763244413711,0.7125277680869704,-0.04316372879159894,-0.026578773895733578,0.7495907867247094,-0.031938619845692136,-0.045114530794900555,0.7544593346161448,2.9350185270480087,2.9513889290332056,0.9391619261191971,0.8856181012139883,6.448105,6.74585,2132.297,226.245,0.5408328891035004,192.08200000000002,0.45916711089649964,27.860000000000014,17.98599999999999,19.960000000000036,16.577500000000043,25.30849999999998,23.024999999999977,22.566750000000013,19.613249999999994,75.0,100.0,75.0,75.0,50.0,75.0,75.0,100.0,0.02692031586503947,0.05559879906594021,0.037575150300601136,0.045242044940431186,0.019756208388486098,0.032573289902280166,0.033234736947057045,0.05098594062687216
542.8527,7.120999999999981,334.68510000000003,300.01020000000005,30.0,2.0,98.11199999999985,63.17100000000005,92.09899999999993,80.49499999999989,108.04099999999994,111.23199999999997,106.60500000000002,103.37299999999982,31.77800000000002,17.289999999999964,28.25500000000011,16.50499999999988,23.151000000000067,12.451000000000022,12.698000000000093,19.644999999999982,22.523999999999887,23.520999999999958,28.944000000000187,20.723999999999933,18.92100000000005,23.687999999999874,16.63000000000011,23.648999999999887,30.837999999999965,27.75200000000018,18.898999999999887,31.958000000000084,17.901999999999816,42.514000000000124,18.166999999999916,36.86400000000003,29.63000000000011,23.32199999999989,36.037000000000035,22.80300000000011,21.764999999999873,31.052000000000135,21.788999999999987,28.766999999999825,1.0,1.0,4.0,1.0,2.0,2.0,2.0,2.0,3.0,4.0,5.0,5.0,4.0,0.0,3.0,1.0,4.0,0.0,4.0,0.0,4.0,0.0,3.0,1.0,4.0,0.0,4.0,0.0,0.04716018077920707,-0.09979589534767457,0.6073901908038293,0.014167310707755221,-0.04511461867098548,0.6733317452309514,0.028767505122782797,-0.04232829732699356,0.6730913039062859,1.9464605382753941,2.008370523049156,0.8873451267716582,0.8966841075726205,5.72345,5.801178,2017.125,135.82500000000002,0.3052233473107986,309.177,0.6947766526892014,24.527999999999963,15.792750000000012,23.024749999999983,20.123749999999973,27.010249999999985,27.807999999999993,26.651250000000005,25.843249999999955,100.0,75.0,100.0,100.0,100.0,75.0,100.0,100.0,0.04076973255055453,0.04749014579474755,0.043431524772255974,0.04969252748617933,0.0370229820160865,0.026970655926352137,0.03752169222831949,0.038694823599972984
666.8383,3.558400000000006,522.4083,300.009,23.0,9.0,151.529,89.22600000000011,130.19000000000005,100.44800000000009,129.4290000000001,88.14100000000008,99.44299999999976,134.05099999999993,31.085000000000036,21.952999999999975,23.514000000000124,52.14899999999989,35.18900000000008,19.269000000000005,9.968000000000075,28.513999999999896,34.54600000000005,38.88200000000006,31.769000000000005,29.092999999999847,40.562000000000126,17.270999999999958,18.28099999999995,28.242999999999938,22.96199999999999,36.133000000000266,31.847999999999956,40.90299999999979,14.55099999999993,21.403000000000247,27.28800000000001,28.903999999999996,30.909000000000106,24.876999999999953,21.77099999999973,24.422000000000025,37.190000000000055,37.521999999999935,29.570999999999913,29.76800000000003,3.0,6.0,7.0,5.0,5.0,4.0,6.0,5.0,5.0,5.0,4.0,6.0,4.0,0.0,4.0,0.0,1.0,3.0,2.0,2.0,3.0,1.0,3.0,1.0,4.0,0.0,2.0,2.0,0.03397735816213109,-0.19795868974859684,0.6782177331107788,-0.004697948504378075,-0.054075584770017976,0.7153297412214417,0.03287868263098469,-0.05674846901201541,0.7155753527309466,3.2848535580433835,3.1863331086139706,0.9140125896467797,0.9073396802982294,7.199921,6.754135,2499.592,394.86600000000004,0.5463556778700672,327.86100000000005,0.4536443221299329,37.88225,22.306500000000028,32.547500000000014,25.112000000000023,32.35725000000002,22.03525000000002,24.86074999999994,33.51274999999998,100.0,100.0,25.0,50.0,75.0,75.0,100.0,50.0,0.02639758726052439,0.044829982292156935,0.007681081496274673,0.019910799617712627,0.023178731196254302,0.03403637353785409,0.04022404794706525,0.014919694743045565
550.7764,5.554399999999987,491.8582000000001,300.00599999999986,29.0,3.0,116.154,70.18899999999985,64.99800000000005,57.253999999999905,72.50299999999993,65.48300000000017,83.18000000000006,86.952,22.45699999999988,14.993999999999915,23.373000000000047,19.570000000000164,25.38799999999992,21.148999999999887,10.050000000000182,16.42899999999986,23.910000000000082,15.30099999999993,16.53800000000001,11.861000000000104,17.891999999999825,16.394999999999982,12.600000000000136,12.874000000000024,8.265999999999849,21.787000000000035,11.595000000000027,34.12699999999995,9.319000000000187,20.093999999999824,17.159000000000106,21.65599999999995,16.270999999999958,16.88700000000017,21.43899999999985,31.659000000000106,21.924999999999955,15.9849999999999,18.2650000000001,30.777000000000044,6.0,5.0,7.0,3.0,4.0,4.0,4.0,4.0,6.0,6.0,6.0,6.0,4.0,0.0,4.0,0.0,4.0,0.0,4.0,0.0,4.0,0.0,3.0,1.0,3.0,1.0,3.0,1.0,-0.0723776746942836,-0.02635192321992923,0.6259793912761649,-0.06694684621266006,-5.20324269807547e-05,0.6860532091009819,-0.05886604777656261,-0.0019174971085020856,0.6849358095241903,2.277747962859313,2.4023512692485625,0.9399295093107185,0.9421684415528085,5.863205,6.322571,2069.221,193.61800000000002,0.5680329287648486,147.239,0.4319670712351514,29.0385,17.547249999999963,16.249500000000012,14.313499999999976,18.125749999999982,16.370750000000044,20.795000000000016,21.738,100.0,100.0,100.0,100.0,100.0,75.0,75.0,75.0,0.03443704048074109,0.056988986878285894,0.06154035508784881,0.06986411429769111,0.055170130891135594,0.045813417222790524,0.03606636210627552,0.034501794093292855
588.2809,3.546600000000012,381.6694,300.00110000000006,24.0,8.0,103.05899999999997,68.09800000000018,80.86299999999983,77.86500000000001,78.29500000000007,54.923,49.23400000000015,64.03600000000006,47.187999999999874,15.471000000000004,20.028999999999996,15.836999999999989,31.4050000000002,9.628999999999905,9.554000000000087,21.66300000000001,19.480000000000018,28.013999999999896,20.500999999999976,15.021999999999935,13.629000000000133,23.326000000000022,31.274999999999864,14.124000000000024,27.929000000000087,14.308999999999969,11.701999999999998,27.210000000000036,11.133000000000038,18.616999999999962,13.690000000000055,15.343999999999824,13.109000000000151,10.168999999999869,12.874000000000024,15.229000000000042,19.955999999999904,13.29600000000005,14.893000000000029,15.891000000000076,3.0,1.0,5.0,3.0,4.0,4.0,5.0,4.0,5.0,6.0,4.0,5.0,3.0,1.0,3.0,1.0,2.0,2.0,3.0,1.0,3.0,1.0,3.0,1.0,4.0,0.0,3.0,1.0,-0.06840476483762113,-0.0800489406749341,0.6100594458614719,-0.07440745224016758,-0.017897271878519326,0.6874265208518606,-0.0483749196410266,-0.009605179381339911,0.6896997699493412,2.8881258291975973,2.7205569740993893,0.9540984225608958,0.9064587360009246,6.222961,5.859283,1945.0460000000003,262.369,0.7865862798827177,71.185,0.21341372011728232,25.764749999999992,17.024500000000046,20.215749999999957,19.466250000000002,19.573750000000018,13.73075,12.308500000000038,16.009000000000015,75.0,75.0,50.0,75.0,75.0,75.0,100.0,75.0,0.029109539195994537,0.044054157243971805,0.024733190705266986,0.03852822192255827,0.038316623028290406,0.05462192524079165,0.08124466831864134,0.04684864763570487
520.4069,7.693900000000099,584.3261999999999,300.0050000000001,30.0,2.0,137.67000000000007,72.50800000000004,130.47399999999993,87.644,124.40700000000015,93.60699999999997,124.47600000000011,85.61199999999963,28.82100000000014,16.944999999999936,37.587999999999965,36.07300000000009,19.269000000000005,16.567000000000007,14.20399999999995,27.479000000000042,40.923,26.353000000000065,39.77599999999984,26.89800000000014,21.934999999999945,27.383000000000038,20.57899999999995,22.694999999999936,36.49299999999994,23.108000000000175,22.271999999999935,46.539999999999964,15.620000000000118,19.192000000000007,17.02299999999991,44.68199999999979,24.55500000000029,31.549999999999727,31.05500000000029,40.159000000000106,15.065999999999804,21.20199999999977,28.459000000000287,20.884999999999764,4.0,2.0,8.0,1.0,4.0,4.0,5.0,5.0,5.0,6.0,5.0,5.0,4.0,0.0,4.0,0.0,4.0,0.0,3.0,1.0,4.0,0.0,3.0,1.0,4.0,0.0,4.0,0.0,-0.09015740060030038,-0.1572039117602957,0.6872104649134662,-0.07211562663257394,-0.020821066328644326,0.7214232127302679,-0.06544446773308445,-0.009608808941467553,0.7149305151193817,2.420778251147949,2.3127329112269606,0.9171886519963256,0.9146876499122764,5.110031,4.959122,2402.6630000000005,509.84400000000005,0.6809587092551906,238.871,0.31904129074480947,34.41750000000002,18.12700000000001,32.61849999999998,21.911,31.101750000000038,23.401749999999993,31.119000000000028,21.402999999999906,100.0,100.0,100.0,75.0,100.0,75.0,100.0,100.0,0.0290549865620687,0.05516632647432004,0.03065744899366925,0.034229382501939666,0.032152531609957596,0.03204888523294199,0.032134708698865616,0.04672242209036137
489.1855,12.080500000000029,622.163,300.00599999999986,28.0,4.0,149.13799999999992,83.16799999999989,126.4960000000001,115.15300000000002,90.51299999999992,62.771999999999935,103.90199999999959,63.903999999999996,47.64300000000003,18.092999999999847,42.423,18.397000000000162,19.475999999999885,19.923000000000002,14.754000000000133,34.93599999999992,35.509000000000015,22.363000000000056,28.242999999999938,45.00700000000006,33.47199999999998,20.735999999999876,43.014000000000124,20.722999999999956,23.186999999999898,26.379000000000133,22.840999999999894,22.51200000000017,11.598999999999933,14.944999999999936,17.429000000000087,22.47400000000016,16.875,14.44399999999996,35.57699999999977,41.08800000000019,16.949999999999818,13.51299999999992,16.570999999999913,16.870000000000346,5.0,1.0,3.0,1.0,4.0,5.0,6.0,6.0,7.0,6.0,7.0,7.0,4.0,0.0,4.0,0.0,3.0,1.0,3.0,1.0,4.0,0.0,3.0,1.0,3.0,1.0,4.0,0.0,-0.00483300988560115,-0.05650437083717418,0.6377775928534879,-0.017204154431423677,-0.04405675384083955,0.6964745889175387,-0.006811913690048468,-0.05003744998660965,0.6965044333131,2.105976650480079,2.2613808776128463,0.9003469038988514,0.8962873760302467,4.609726,5.502258,2308.134,196.70000000000002,0.5173919447834687,183.476,0.4826080552165312,37.28449999999998,20.791999999999973,31.624000000000024,28.788250000000005,22.62824999999998,15.692999999999984,25.975499999999897,15.975999999999999,100.0,100.0,75.0,75.0,100.0,75.0,75.0,100.0,0.026820796845874306,0.04809542131589079,0.023716164938021738,0.026052295641450934,0.044192546926960806,0.04779200917606581,0.02887336143673858,0.06259389083625438
578.347,6.691400000000044,597.3086,300.009,21.0,11.0,136.529,109.84000000000015,78.7059999999999,76.9699999999998,132.87099999999987,94.74400000000014,113.11599999999999,109.82500000000027,44.715999999999894,27.09900000000016,32.76299999999992,28.04099999999994,24.544000000000096,25.88499999999999,22.471000000000004,41.228000000000065,26.798000000000002,19.432999999999993,17.826999999999998,18.90300000000002,17.50299999999993,18.5,25.064000000000078,18.607999999999947,21.086000000000013,44.77800000000002,29.499000000000024,41.317999999999756,18.56800000000021,22.46900000000005,21.567999999999756,35.77800000000025,30.434999999999945,38.26800000000003,25.77099999999973,22.48700000000008,33.38500000000022,16.949999999999818,22.9670000000001,36.52300000000014,4.0,2.0,6.0,1.0,5.0,5.0,4.0,4.0,6.0,6.0,6.0,6.0,3.0,1.0,3.0,1.0,4.0,0.0,3.0,1.0,1.0,3.0,2.0,2.0,4.0,0.0,1.0,3.0,0.010103049069545606,0.02761465997611088,0.612177684208951,-0.0020923563810168314,-0.026510575645301994,0.6658803525917507,0.02046264028198735,-0.017887162952092184,0.6778846577578442,2.165201691057753,1.782805277567893,0.8656134875408107,0.8263067314386398,5.246201,4.885712,2418.041,229.491,0.5460353188067173,190.79500000000002,0.4539646811932827,34.13225,27.460000000000036,19.676499999999976,19.24249999999995,33.21774999999997,23.686000000000035,28.278999999999996,27.456250000000068,75.0,75.0,100.0,75.0,25.0,50.0,100.0,25.0,0.02197335364647804,0.0273124544792425,0.0508220466038168,0.03897622450305324,0.007526096740447509,0.021109516169889354,0.03536192934686517,0.009105394946505783
513.2271,3.7135000000000673,399.35209999999995,300.0063,25.0,7.0,111.88700000000017,50.103999999999814,77.21100000000001,63.36199999999985,60.771000000000186,73.40000000000009,74.64800000000014,58.82199999999989,41.057000000000016,21.146999999999935,24.711000000000013,19.99700000000007,9.832999999999856,15.97700000000009,9.81899999999996,18.557000000000016,22.44900000000007,21.557999999999993,19.0329999999999,17.323000000000093,15.182000000000016,21.817000000000007,14.659999999999854,14.260999999999967,11.778999999999996,16.036000000000058,10.562000000000126,24.648999999999887,14.914999999999964,20.486000000000104,19.579999999999927,22.511999999999944,19.282000000000153,29.289999999999964,15.668999999999869,15.378000000000156,13.264999999999873,13.038999999999987,22.123000000000047,10.394999999999982,6.0,4.0,7.0,1.0,7.0,7.0,8.0,7.0,8.0,8.0,7.0,8.0,2.0,2.0,4.0,0.0,4.0,0.0,3.0,1.0,3.0,1.0,3.0,1.0,3.0,1.0,3.0,1.0,0.07707555794318639,-0.02134796104848596,0.6563970938857517,0.03922502551861226,-0.011862592675277119,0.7175148023017773,0.037996151560806206,-0.013083589569152862,0.7176303628527846,3.1142838374498023,3.151126623715095,0.9573060291157943,0.9640663389167325,6.260239,5.813446,1862.431,112.47600000000001,0.33589464096399935,222.37900000000002,0.6641053590360007,27.971750000000043,12.525999999999954,19.302750000000003,15.840499999999963,15.192750000000046,18.350000000000023,18.662000000000035,14.705499999999972,50.0,100.0,100.0,75.0,75.0,75.0,75.0,75.0,0.017875177634577716,0.07983394539358164,0.05180608980585667,0.04734699030964943,0.0493656513797698,0.04087193460490458,0.04018861858321716,0.05100132603447699
501.3697,15.989300000000014,484.327,300.004,25.0,7.0,146.16800000000012,124.42699999999991,110.76299999999992,109.41899999999987,127.82099999999991,99.04799999999977,111.67099999999982,103.24000000000024,43.100999999999885,26.72499999999991,25.119000000000142,39.61699999999996,42.51099999999997,38.68100000000004,28.08699999999999,21.182000000000016,43.266000000000076,19.024999999999864,34.58400000000006,21.457000000000107,39.74199999999996,18.47499999999991,39.083000000000084,18.19100000000003,21.867999999999938,33.08999999999992,34.87300000000005,40.343000000000075,11.586000000000013,19.154999999999973,30.319999999999936,40.80300000000011,36.51800000000003,34.93899999999985,29.389999999999873,12.894999999999982,12.693000000000211,30.00799999999981,29.266000000000076,31.27300000000014,8.0,4.0,5.0,3.0,6.0,5.0,5.0,4.0,6.0,6.0,4.0,3.0,3.0,1.0,3.0,1.0,1.0,3.0,4.0,0.0,3.0,1.0,3.0,1.0,4.0,0.0,4.0,0.0,0.08009992756643429,-0.11330270992140262,0.7040603773822369,0.02216032659734767,-0.04715708945943864,0.7442803549520737,0.041377087172957634,-0.05222270970341157,0.7392165625814748,3.3268271831250456,3.3249503158873055,0.9556564453844419,0.9549287474718465,5.99176,6.403336,2410.7960000000003,173.583,0.42561752460535807,234.25500000000002,0.574382475394642,36.54200000000003,31.106749999999977,27.69074999999998,27.354749999999967,31.955249999999978,24.761999999999944,27.917749999999955,25.81000000000006,75.0,75.0,25.0,100.0,75.0,75.0,100.0,100.0,0.02052432817032454,0.02411052263576235,0.009028285618843845,0.036556722324276446,0.023470321778111595,0.03028834504482682,0.03581950551172647,0.03874467260751638
176.4699,4.755200000000002,572.251,300.00290000000007,28.0,4.0,172.54099999999994,126.58799999999997,112.68200000000002,93.82500000000005,138.78200000000015,114.85799999999995,141.10299999999984,125.01299999999992,32.49700000000007,24.079999999999927,45.624000000000024,43.54299999999989,21.660000000000082,44.277000000000044,25.413999999999987,44.24599999999987,30.27300000000014,29.232999999999947,34.21600000000012,26.617999999999938,29.230999999999995,4.213999999999942,38.62699999999995,26.837999999999965,36.98400000000015,26.37999999999988,30.460000000000036,50.56600000000003,21.811999999999898,33.96199999999999,25.680000000000064,35.774000000000115,36.14599999999996,35.44100000000003,43.81700000000001,29.20399999999995,21.985999999999876,23.863000000000284,40.858999999999924,38.304999999999836,2.0,2.0,5.0,1.0,5.0,6.0,5.0,6.0,7.0,6.0,6.0,6.0,3.0,1.0,4.0,0.0,4.0,0.0,3.0,1.0,3.0,1.0,3.0,1.0,4.0,0.0,4.0,0.0,-0.02273989468023927,-0.18135712859554487,0.8777602056469511,-0.018487577987275183,-0.016459321340429576,0.9192218573973042,-0.025040985613573354,-0.037762563281302605,0.9286430311703038,4.066816653417844,4.021704845560548,0.9635285348475636,0.9614555327007707,6.438873,5.978851,2213.632,391.509,0.5244278643618268,355.036,0.4755721356381732,43.135249999999985,31.64699999999999,28.170500000000004,23.45625000000001,34.69550000000004,28.714499999999987,35.27574999999996,31.25324999999998,75.0,100.0,100.0,75.0,75.0,75.0,100.0,100.0,0.017387171744686777,0.03159857174455716,0.03549812747377575,0.03197442046362908,0.021616636163191167,0.026119208065611462,0.02834808614983384,0.031996672346076026
508.2229,6.223500000000058,468.2226999999999,300.00789999999995,27.0,5.0,104.14100000000008,53.44999999999982,93.0909999999999,75.74599999999987,121.16300000000001,81.40499999999997,75.97700000000009,54.20700000000011,44.761999999999944,11.717000000000098,14.329999999999927,17.649000000000115,9.158999999999878,19.435999999999922,7.555000000000064,19.475000000000136,21.45999999999981,25.423999999999978,31.63499999999999,17.61700000000019,23.991999999999962,23.29600000000005,17.414999999999964,14.26299999999992,33.00500000000011,33.34299999999985,29.25,27.778999999999996,18.95900000000006,28.339999999999918,12.07400000000007,23.951000000000022,10.932999999999993,29.71900000000005,17.267000000000053,19.680999999999813,13.594000000000051,17.394999999999982,13.979000000000042,9.239000000000033,1.0,1.0,4.0,1.0,2.0,2.0,4.0,5.0,5.0,5.0,5.0,5.0,4.0,0.0,4.0,0.0,2.0,2.0,4.0,0.0,3.0,1.0,3.0,1.0,4.0,0.0,3.0,1.0,0.0657993837448464,-0.12079270203060191,0.5802080756768698,0.023198720423579268,-0.05704659430979403,0.67457471875818,0.044030603484666246,-0.050662667856390585,0.6813258327560883,2.356108830089901,2.2919209326109202,0.9243254092493514,0.9074534408129132,6.493195,5.098251,2044.9590000000003,79.688,0.21855441645137044,284.92600000000004,0.7814455835486296,26.03525000000002,13.362499999999955,23.272749999999974,18.936499999999967,30.290750000000003,20.351249999999993,18.994250000000022,13.551750000000027,100.0,100.0,50.0,100.0,75.0,75.0,100.0,75.0,0.03840946409195223,0.0748362956033679,0.021484354019185553,0.05280806907295444,0.02476003400378003,0.036852773171181144,0.052647511746975996,0.055343405833194866
542.5788,11.64269999999999,357.56010000000003,300.00440000000003,27.0,5.0,79.07099999999991,53.75199999999995,71.25099999999998,53.80799999999999,67.25999999999999,55.080000000000155,64.93499999999995,47.3119999999999,14.106999999999971,13.526999999999816,17.99200000000019,18.067000000000007,9.517999999999802,18.24500000000012,8.973999999999933,19.60699999999997,11.628000000000156,16.09199999999987,34.128000000000156,11.858999999999924,17.46199999999999,8.635999999999967,17.680000000000064,12.317000000000007,9.567000000000007,20.27800000000002,17.600999999999885,22.432999999999993,8.82899999999995,12.075000000000045,15.524000000000115,20.79600000000005,14.255999999999858,13.605000000000018,26.12000000000012,13.086999999999989,10.671999999999798,16.02300000000014,9.089999999999918,11.527000000000044,2.0,1.0,7.0,1.0,2.0,2.0,3.0,3.0,4.0,5.0,5.0,5.0,4.0,0.0,4.0,0.0,4.0,0.0,3.0,1.0,3.0,1.0,3.0,1.0,3.0,1.0,3.0,1.0,0.05073896920412193,-0.12655906960575378,0.6807129010451576,0.013755805268711034,-0.02885659568023893,0.7069963424039476,0.02791832730460875,-0.03378196397929564,0.7132224913374268,1.486595153900091,1.4697085492565483,0.962271879418358,0.9643531552591238,4.519196,4.50444,1846.3410000000001,143.923,0.6194419457440078,88.42,0.38055805425599226,19.767749999999978,13.437999999999988,17.812749999999994,13.451999999999998,16.814999999999998,13.770000000000039,16.233749999999986,11.827999999999975,100.0,100.0,100.0,75.0,75.0,75.0,75.0,75.0,0.05058744672509522,0.07441583568983486,0.05613956295350243,0.05575379125780554,0.04460303300624443,0.05446623093681902,0.04620004620004624,0.06340886033141711
747.6693,4.496700000000033,478.94899999999996,300.00199999999995,27.0,5.0,79.16899999999987,65.53500000000008,69.57899999999995,85.54600000000005,90.02700000000004,78.15199999999982,101.0490000000002,75.04200000000037,22.916999999999916,19.451999999999998,16.41300000000001,16.957000000000107,21.960000000000036,15.569999999999936,12.089999999999918,21.979000000000042,19.659000000000106,21.093999999999824,12.968000000000075,19.971000000000004,30.62799999999993,21.5,18.917000000000144,17.624000000000024,16.368999999999915,17.02500000000009,16.562999999999874,43.52200000000016,15.782999999999902,20.855000000000018,20.789999999999964,22.7829999999999,26.319999999999936,22.144999999999982,30.994000000000142,23.7829999999999,15.432999999999993,18.335000000000036,14.649000000000342,26.625,1.0,1.0,6.0,1.0,2.0,1.0,1.0,2.0,3.0,3.0,3.0,3.0,3.0,1.0,4.0,0.0,3.0,1.0,4.0,0.0,3.0,1.0,3.0,1.0,4.0,0.0,3.0,1.0,0.0916107835152565,-0.11842653587610213,0.6348918644983959,0.03451757854634785,-0.03645495897483288,0.6729307080045208,0.045913899306549086,-0.035584788892802935,0.67005766052426,2.321382778843149,2.1635949141892876,0.9549712389516474,0.9596100017446747,5.121078,5.664291,2254.944,230.919,0.5568902565487703,183.739,0.4431097434512297,19.792249999999967,16.38375000000002,17.394749999999988,21.386500000000012,22.50675000000001,19.537999999999954,25.26225000000005,18.760500000000093,75.0,100.0,75.0,100.0,75.0,75.0,100.0,75.0,0.037893619977516516,0.06103608758678561,0.04311645755184757,0.046758469127720734,0.03332333633243359,0.038386733544886975,0.03958475591049879,0.039977612536979096
728.4336,6.087800000000016,596.8646,300.00299999999993,26.0,6.0,139.10199999999986,85.28399999999988,85.96800000000007,81.41499999999996,98.9380000000001,88.2510000000002,79.43199999999979,80.31899999999996,44.024000000000115,29.92899999999986,27.521999999999935,27.1550000000002,26.704999999999927,20.37999999999988,18.848000000000184,24.225999999999885,28.17100000000005,22.935999999999922,19.92600000000016,19.645999999999958,20.43399999999997,19.692999999999984,27.798999999999978,16.038999999999987,26.639000000000124,24.27599999999984,20.827000000000226,33.16199999999981,17.644000000000233,25.699999999999818,19.634999999999764,28.787000000000262,17.837999999999738,23.192000000000007,18.632000000000062,21.994000000000142,14.144999999999982,28.309999999999945,18.503000000000156,19.360999999999876,3.0,1.0,3.0,1.0,4.0,5.0,5.0,6.0,5.0,6.0,6.0,7.0,2.0,2.0,4.0,0.0,3.0,1.0,2.0,2.0,4.0,0.0,3.0,1.0,4.0,0.0,4.0,0.0,0.022066343756898744,-0.09286052623300275,0.6206590538779686,0.0023102758958485035,-0.043674722487714715,0.6469205190207503,-0.0014061077832914178,-0.04728759519273385,0.6577259754758605,2.5346762619707555,2.5458932634603233,0.9290333415569054,0.9203037957678931,6.514114,6.147568,2473.853,241.43800000000002,0.6523147585275245,128.687,0.34768524147247554,34.775499999999965,21.32099999999997,21.49200000000002,20.35374999999999,24.734500000000025,22.06275000000005,19.857999999999947,20.07974999999999,50.0,100.0,75.0,50.0,100.0,75.0,100.0,100.0,0.01437793849117915,0.04690211528539944,0.03489670575097708,0.02456549775839834,0.04042935980108751,0.033993949077064205,0.050357538523517105,0.049801416850309414
725.9783,4.069399999999973,445.7133,300.01700000000005,29.0,3.0,88.981,97.2829999999999,124.63300000000004,74.29899999999998,85.98900000000003,93.64999999999986,87.70299999999997,87.39599999999973,29.620999999999867,19.58699999999999,23.23400000000015,14.393000000000029,24.37799999999993,21.860999999999876,31.05100000000016,24.307999999999993,35.832999999999856,26.121000000000095,39.488000000000056,25.937999999999874,24.2170000000001,22.916999999999916,14.125,15.383000000000038,30.684999999999945,16.133000000000038,22.024000000000115,18.85699999999997,4.225999999999885,27.249000000000024,41.66000000000008,23.369000000000142,19.798999999999978,25.89300000000003,28.131999999999607,16.345000000000255,23.909000000000106,12.95199999999977,20.69300000000021,29.841999999999643,2.0,1.0,3.0,1.0,3.0,3.0,4.0,3.0,3.0,5.0,4.0,4.0,3.0,1.0,4.0,0.0,4.0,0.0,4.0,0.0,4.0,0.0,3.0,1.0,3.0,1.0,4.0,0.0,-0.0012994532403063665,-0.17188513308111206,0.6311907310981217,-0.02433924474877952,-0.060177476130398706,0.668857238006515,-0.004631029485830943,-0.06009109705980026,0.6745484629996652,2.1126189570787792,2.095707514308765,0.9528849090286738,0.9469306649296024,5.318115,5.705185,2291.997,210.031,0.653187082488462,111.51700000000001,0.346812917511538,22.24525,24.320749999999975,31.15825000000001,18.574749999999995,21.497250000000008,23.412499999999966,21.925749999999994,21.848999999999933,75.0,100.0,100.0,100.0,100.0,75.0,75.0,100.0,0.03371506276620852,0.041117153048322974,0.03209422865533205,0.053836525390651306,0.046517577829722385,0.03203416978109989,0.034206355540859504,0.0457686850656782
885.0537,7.509500000000003,491.94180000000006,300.00199999999995,25.0,7.0,141.76800000000003,59.638999999999896,90.59199999999987,103.55600000000027,140.26099999999997,116.72600000000011,91.86900000000014,78.71099999999979,6.871999999999844,16.057999999999993,28.250999999999976,21.024000000000115,19.259000000000015,9.194999999999936,12.422000000000025,24.583000000000084,42.82899999999995,10.305000000000064,25.263999999999896,17.570999999999913,30.756000000000085,30.414000000000215,29.079999999999927,18.666999999999916,37.53600000000006,36.0,23.76299999999992,49.48000000000002,14.570000000000164,28.91899999999987,31.123000000000047,45.27399999999989,16.914000000000215,36.116999999999734,29.81399999999985,14.899000000000342,18.603999999999814,27.97499999999991,12.688000000000102,19.44399999999996,6.0,1.0,6.0,1.0,3.0,4.0,3.0,5.0,6.0,7.0,5.0,6.0,2.0,2.0,4.0,0.0,2.0,2.0,3.0,1.0,4.0,0.0,3.0,1.0,4.0,0.0,3.0,1.0,0.019776248450048713,-0.11500975160914276,0.6858643784090577,-0.02261570964055971,-0.08261240581300248,0.7516569211260167,-0.0018500913796195735,-0.06757571475687921,0.7520022982493835,2.718762806438473,3.0039871096429382,0.9433822047702534,0.9525106483011498,5.907883,5.810684,2592.0840000000003,336.558,0.71087332582803,136.88500000000002,0.2891266741719701,35.44200000000001,14.909749999999974,22.647999999999968,25.889000000000067,35.06524999999999,29.181500000000028,22.967250000000035,19.677749999999946,50.0,100.0,50.0,75.0,100.0,75.0,100.0,75.0,0.014107556006997346,0.06707020573785621,0.02207700459201699,0.028969832747498862,0.028518262382273056,0.025701214810753364,0.04354025841143361,0.03811411365628703
589.4894,4.532299999999964,395.70179999999993,300.0065000000001,29.0,3.0,159.88699999999994,70.27299999999991,85.1139999999998,100.077,96.77699999999982,104.64699999999993,116.18200000000002,89.8159999999998,48.653999999999996,22.500999999999976,45.587999999999965,26.38500000000022,18.19899999999984,16.71900000000005,19.701999999999998,20.149000000000115,26.228999999999814,30.935000000000173,7.572999999999865,23.488000000000056,29.096000000000004,15.242999999999938,40.480999999999995,18.792000000000144,17.690999999999804,22.945000000000164,15.722999999999956,43.47399999999993,18.432000000000016,33.54899999999998,29.03099999999995,27.198000000000093,22.448000000000093,26.440999999999804,40.91800000000012,28.876000000000204,22.44699999999966,29.096000000000004,19.633000000000266,18.639999999999873,1.0,2.0,4.0,1.0,6.0,3.0,3.0,3.0,4.0,5.0,4.0,4.0,2.0,2.0,4.0,0.0,4.0,0.0,4.0,0.0,4.0,0.0,3.0,1.0,4.0,0.0,4.0,0.0,0.03123807796228376,-0.17192092367895914,0.6205882115772376,0.013901937068962245,-0.06244205548263535,0.7011174983080073,0.005927553913926856,-0.06694915679462124,0.6993493841051057,2.179423065712155,2.150841150449312,0.9546721800549255,0.9633794922721163,5.730881,5.353043,2244.8450000000003,283.01,0.5599767311177769,222.38600000000002,0.44002326888222304,39.971749999999986,17.568249999999978,21.27849999999995,25.01925,24.194249999999954,26.161749999999984,29.045500000000004,22.45399999999995,50.0,100.0,100.0,100.0,100.0,75.0,100.0,100.0,0.01250883436426977,0.05692086576636838,0.046995793876448165,0.03996922369775273,0.04133213470142707,0.028667807008323238,0.034428741113081196,0.04453549478934721
588.0674,3.993600000000015,514.647,300.00599999999986,30.0,2.0,79.519,49.80399999999986,65.89300000000003,64.93900000000008,57.29100000000017,48.044999999999845,62.634000000000015,55.794000000000096,16.048999999999978,13.259000000000015,10.170000000000073,16.913999999999987,11.072999999999865,11.798999999999978,10.524000000000115,20.32899999999995,17.024000000000115,20.1429999999998,9.230000000000018,23.555000000000064,13.930000000000064,19.034999999999854,21.003000000000156,14.515999999999849,16.38000000000011,14.394999999999982,14.526000000000067,14.479000000000042,13.348999999999933,10.49499999999989,8.063000000000102,20.49499999999989,16.95900000000006,15.025000000000091,16.12299999999982,18.605999999999995,11.835000000000036,16.652000000000044,17.088999999999942,10.218000000000075,1.0,1.0,5.0,1.0,3.0,4.0,5.0,5.0,6.0,6.0,7.0,6.0,4.0,0.0,4.0,0.0,4.0,0.0,4.0,0.0,4.0,0.0,3.0,1.0,3.0,1.0,4.0,0.0,0.07044520424859886,-0.0583809315245709,0.6117096473049829,0.014606549105189756,-0.026488875685879997,0.6643414028604266,0.04008336882035813,-0.025219384346474135,0.6664323628209684,2.8033822213275976,2.7610212570118375,0.9266662690120521,0.9317301589103877,6.395599,6.43956,1996.665,147.67600000000002,0.5515155136612838,120.08800000000001,0.4484844863387162,19.87975,12.450999999999965,16.473250000000007,16.23475000000002,14.322750000000042,12.011249999999961,15.658500000000004,13.948500000000024,100.0,100.0,100.0,100.0,100.0,75.0,75.0,100.0,0.05030244344119015,0.0803148341498677,0.0607044754374516,0.0615962672662036,0.06981899425738752,0.06244146113019065,0.04789730817128076,0.07169229666272346
714.5724,3.7025999999999613,495.60500000000013,300.00299999999993,29.0,3.0,152.92000000000007,67.7360000000001,117.38300000000004,69.46100000000001,69.21800000000007,75.5,74.40199999999959,81.78200000000015,45.32199999999989,32.509000000000015,34.016000000000076,26.08199999999988,26.942999999999984,13.223000000000184,10.254999999999882,22.88499999999999,33.61799999999994,38.628000000000156,25.54600000000005,25.35199999999986,22.50500000000011,26.1099999999999,12.240000000000009,12.932999999999993,20.182000000000016,16.99000000000001,19.65000000000009,14.767999999999802,19.093000000000075,27.218999999999824,14.516000000000076,19.582000000000335,11.069999999999709,21.134000000000015,31.070999999999913,13.713999999999942,20.94100000000026,14.592999999999847,27.554000000000087,18.69399999999996,4.0,1.0,5.0,1.0,4.0,4.0,5.0,4.0,4.0,4.0,4.0,5.0,4.0,0.0,4.0,0.0,3.0,1.0,4.0,0.0,4.0,0.0,2.0,2.0,4.0,0.0,4.0,0.0,0.061229047464154585,-0.07782869496204362,0.6388720431868908,0.009646053430435335,-0.02647824625921109,0.6912096077291426,0.02654448294600787,-0.021932776421060455,0.6928926728468804,3.1362185035868437,3.263452580278437,0.9687671905528278,0.9636716138335412,6.863358,7.066925,2342.6300000000006,194.067,0.6177782305172583,120.07000000000001,0.3822217694827416,38.23000000000002,16.934000000000026,29.34575000000001,17.365250000000003,17.30450000000002,18.875,18.600499999999897,20.445500000000038,100.0,100.0,75.0,100.0,100.0,50.0,100.0,100.0,0.026157467957101742,0.059052793197118134,0.025557363502381088,0.05758627143289039,0.05778843653384951,0.026490066225165563,0.05376199564527865,0.04891051820694031
549.1163,3.89549999999997,384.75030000000004,300.0049,25.0,7.0,113.84299999999985,119.22599999999989,116.69100000000003,79.74800000000005,87.28300000000013,77.221,94.89700000000016,88.10000000000014,26.355999999999995,13.609000000000151,27.368999999999915,22.708000000000084,34.23900000000003,24.646999999999935,25.6099999999999,37.375,40.999000000000024,20.582000000000107,34.903999999999996,23.414999999999964,29.896999999999935,18.189000000000078,20.672000000000025,13.032999999999902,21.774000000000115,12.493999999999915,20.700000000000045,34.63999999999987,12.148000000000138,25.720000000000027,13.115999999999985,28.034999999999854,24.701000000000022,24.05100000000016,23.16099999999983,24.721000000000004,26.288999999999987,14.182999999999993,23.861000000000104,23.767000000000053,1.0,1.0,7.0,1.0,2.0,3.0,4.0,3.0,4.0,3.0,5.0,5.0,3.0,1.0,3.0,1.0,3.0,1.0,3.0,1.0,3.0,1.0,4.0,0.0,3.0,1.0,3.0,1.0,-0.032380107544960256,-0.06807866397867353,0.6511837706258361,-0.039300512140734246,-0.022953100195515306,0.7009362119806752,-0.023387966261655586,-0.026602229682482836,0.7044546331322383,2.29728705990626,2.369834342548676,0.9341656940776221,0.9244083375374763,5.274399,5.793671,2086.559,258.06600000000003,0.6763817067193655,123.47300000000001,0.32361829328063446,28.460749999999962,29.80649999999997,29.172750000000008,19.937000000000012,21.820750000000032,19.30525,23.72425000000004,22.025000000000034,75.0,75.0,75.0,75.0,75.0,100.0,75.0,75.0,0.02635208137522732,0.02516229681445325,0.02570892356737023,0.03761849826954906,0.03437095425225984,0.05179938099739708,0.031613222757305236,0.03405221339387055
642.7874,7.876699999999914,462.09989999999993,300.00300000000016,26.0,6.0,125.82200000000012,102.61400000000003,101.71000000000004,78.05300000000011,93.53399999999988,129.6579999999999,92.77100000000019,91.95100000000002,36.805000000000064,20.77800000000002,27.990999999999985,28.20399999999995,47.750999999999976,22.087999999999965,12.769000000000005,22.63499999999999,32.24400000000014,24.399999999999864,25.218000000000075,22.965999999999894,17.40800000000013,22.833000000000084,26.0,14.625999999999976,29.17599999999993,30.220000000000027,23.24000000000001,13.253999999999905,18.542000000000144,40.72999999999979,28.239000000000033,45.22600000000011,21.003000000000156,17.465999999999894,35.177000000000135,23.384999999999764,34.496999999999844,13.869000000000142,24.302999999999884,19.282000000000153,4.0,1.0,6.0,2.0,3.0,5.0,6.0,6.0,7.0,7.0,8.0,7.0,4.0,0.0,3.0,1.0,4.0,0.0,4.0,0.0,2.0,2.0,2.0,2.0,3.0,1.0,4.0,0.0,-0.04114711274043848,-0.2389395470456113,0.554582238185338,-0.030749867089821636,-0.11434660722744915,0.6714544802629447,-0.01052398934335308,-0.12564937342198948,0.6771453983950855,2.4656024683727007,2.384900094137428,0.9142569588706236,0.8953284388383822,6.647644,6.522827,2319.153,265.112,0.6883916098442556,120.00600000000001,0.3116083901557445,31.45550000000003,25.653500000000008,25.42750000000001,19.513250000000028,23.38349999999997,32.414499999999975,23.192750000000046,22.987750000000005,100.0,75.0,100.0,100.0,50.0,50.0,75.0,100.0,0.03179094276040753,0.029235776794589424,0.03932749975420311,0.051247229446657966,0.02138259884106317,0.015425195514353156,0.03233769173556385,0.04350143010951484
751.2614,5.178899999999999,576.5627,300.00700000000006,28.0,4.0,119.18799999999987,62.16100000000006,97.11700000000019,62.66000000000008,108.52300000000014,54.664000000000215,67.2489999999998,116.11799999999994,33.88299999999981,15.34900000000016,26.154999999999973,21.20699999999988,22.629000000000133,12.599999999999909,9.799999999999955,20.35699999999997,20.85200000000009,28.858999999999924,38.771000000000186,13.91099999999983,20.860000000000127,11.602999999999838,20.595000000000027,13.115999999999985,23.021000000000186,47.753999999999905,22.23799999999983,147.99400000000014,12.81899999999996,11.74200000000019,15.144999999999982,18.804000000000087,17.105000000000018,15.221999999999753,21.33600000000024,16.945999999999913,14.150000000000091,21.260999999999967,36.927999999999884,43.778999999999996,4.0,1.0,8.0,2.0,2.0,2.0,3.0,3.0,5.0,6.0,5.0,6.0,4.0,0.0,4.0,0.0,4.0,0.0,4.0,0.0,3.0,1.0,3.0,1.0,4.0,0.0,2.0,2.0,0.09941579067085367,-0.06770053516973933,0.6273983782559457,0.04453833958187702,-0.016518408302061575,0.6751726936489246,0.05966384623511276,-0.014446274784064133,0.6747999146024403,2.795589314690643,2.8219705341174626,0.9153451627966553,0.8987579034187526,6.399094,6.344162,2552.8120000000004,149.436,0.3932557362294965,230.561,0.6067442637705034,29.79699999999997,15.540250000000015,24.279250000000047,15.66500000000002,27.130750000000035,13.666000000000054,16.81224999999995,29.029499999999985,100.0,100.0,100.0,100.0,75.0,75.0,100.0,50.0,0.03356042554619596,0.06434902913402288,0.041187433713973785,0.06383657835939985,0.027643909585986344,0.05488072588906755,0.059480438370830974,0.017223858488778665
526.6092,5.0873000000000275,561.3775,300.0049999999999,27.0,5.0,140.45499999999993,66.61300000000006,92.72499999999991,65.856,76.91100000000006,62.65599999999995,66.22700000000009,53.798,31.285000000000082,24.549999999999955,29.853000000000065,31.432000000000016,20.299999999999955,16.759000000000015,15.593000000000075,16.607999999999947,17.73700000000008,23.829999999999927,36.48700000000008,17.113999999999805,17.876000000000204,13.919999999999845,25.588999999999942,9.958000000000084,17.680000000000064,22.482999999999947,7.738000000000056,30.72199999999998,12.11200000000008,11.773999999999887,20.037000000000035,20.59999999999991,18.590000000000146,12.332999999999856,21.73199999999997,16.883000000000038,16.84400000000005,9.551999999999907,18.412000000000035,8.990000000000009,5.0,2.0,4.0,4.0,5.0,5.0,5.0,5.0,6.0,7.0,6.0,6.0,4.0,0.0,4.0,0.0,4.0,0.0,4.0,0.0,3.0,1.0,2.0,2.0,3.0,1.0,3.0,1.0,-0.025580986090114,-0.05869923334707647,0.6282181985592629,-0.032407843264334435,-0.02516887262399067,0.7057491049061108,-0.022806429311769138,-0.03230306328536615,0.7092600900706985,2.4105276657078853,2.5772173841637778,0.9305584342222697,0.9314676770821627,5.88179,6.797256,2092.7700000000004,176.38000000000002,0.5561213390044805,140.781,0.4438786609955196,35.11374999999998,16.653250000000014,23.181249999999977,16.464,19.227750000000015,15.663999999999987,16.556750000000022,13.4495,100.0,100.0,100.0,100.0,75.0,50.0,75.0,75.0,0.028478872236659444,0.060048338912824774,0.04313831221353469,0.060738581146744415,0.03900612396146192,0.031920326864147114,0.045298745224757214,0.05576415480129373
694.4442,3.169999999999959,487.93180000000007,300.00599999999986,22.0,10.0,90.66599999999994,63.180000000000064,66.19499999999994,65.42499999999995,67.779,71.72299999999996,59.3570000000002,59.80599999999981,21.548999999999978,12.700000000000045,20.661000000000058,14.457999999999856,21.299999999999955,13.006000000000085,12.754000000000133,18.878999999999905,19.19900000000007,18.901999999999816,18.69600000000014,11.692999999999984,13.261999999999944,10.257000000000062,30.297000000000025,13.327999999999975,13.960000000000036,23.56899999999996,14.785000000000082,17.28099999999995,14.07899999999995,22.010999999999967,11.97700000000009,25.631999999999834,10.003000000000156,11.752999999999929,24.064000000000078,15.941000000000031,12.46699999999987,22.29099999999994,10.899000000000115,14.148999999999887,4.0,4.0,6.0,2.0,6.0,6.0,5.0,5.0,4.0,6.0,5.0,4.0,2.0,2.0,2.0,2.0,3.0,1.0,2.0,2.0,4.0,0.0,2.0,2.0,3.0,1.0,4.0,0.0,-0.09504065661906176,-0.05150369660807845,0.6039299739497143,-0.069840927152738,-0.0073781037053525025,0.6196154700596853,-0.06558016167681527,-0.009451615610989242,0.6218873608101101,1.9952300120584274,2.0028333262505242,0.9112503755139505,0.9050021497769479,6.263458,5.990189,2101.9370000000004,288.99100000000004,0.743289609053498,99.80900000000001,0.25671039094650205,22.666499999999985,15.795000000000016,16.548749999999984,16.35624999999999,16.94475,17.93074999999999,14.83925000000005,14.951499999999953,50.0,50.0,75.0,50.0,100.0,50.0,75.0,100.0,0.02205898572783625,0.031655587211142734,0.0453206435531385,0.030569354222392073,0.05901532923176796,0.02788505779178229,0.05054163788601159,0.06688292144600898
672.3197,3.3754000000000133,536.3439,300.0,28.0,4.0,130.68499999999995,94.65899999999988,81.17999999999984,77.73299999999995,130.25099999999998,76.73099999999977,77.68099999999959,59.41000000000031,42.899999999999864,20.901000000000067,24.20399999999995,39.812000000000126,27.913999999999987,18.87999999999988,20.846000000000004,31.830000000000155,20.712999999999965,32.656999999999925,18.848999999999933,11.149000000000115,18.735999999999876,15.884000000000015,31.054000000000087,13.615000000000009,40.047000000000025,34.39300000000003,27.471000000000004,31.05899999999997,13.398000000000138,34.12699999999995,13.661999999999807,16.932000000000244,15.406999999999698,13.340999999999894,37.16700000000037,12.993999999999687,14.91800000000012,20.17099999999982,15.899000000000342,8.422000000000025,3.0,1.0,4.0,1.0,3.0,4.0,4.0,4.0,5.0,5.0,5.0,5.0,3.0,1.0,4.0,0.0,4.0,0.0,4.0,0.0,4.0,0.0,3.0,1.0,3.0,1.0,3.0,1.0,-0.038789220521869644,-0.06708715602096249,0.6708393039867332,-0.04098176502785693,-0.04010757998510435,0.6884575532974495,-0.02690102712940599,-0.04588437739015554,0.690828783849288,2.1803825482034793,2.1824193307385804,0.9479842313017083,0.950279899367351,5.100403,5.290329,2310.918,205.74300000000002,0.4563710006565755,245.08100000000002,0.5436289993434245,32.671249999999986,23.66474999999997,20.29499999999996,19.433249999999987,32.562749999999994,19.182749999999942,19.420249999999896,14.852500000000077,75.0,100.0,100.0,100.0,100.0,75.0,75.0,75.0,0.022955962811340255,0.04225694334400327,0.04927322000492742,0.051458196647498525,0.03070993696785438,0.039097626774054935,0.038619482241474955,0.050496549402457236
600.1465,4.199000000000069,437.77049999999997,300.00700000000006,30.0,2.0,97.87200000000007,83.99499999999989,104.30999999999995,77.34900000000016,98.7199999999998,74.47699999999986,78.36899999999991,58.24000000000001,22.644000000000005,10.97700000000009,27.904999999999973,18.336000000000013,31.454999999999927,17.59999999999991,17.825000000000045,19.736000000000104,28.76800000000003,35.797000000000025,29.490999999999985,13.209999999999809,17.848000000000184,21.166999999999916,19.52500000000009,20.836000000000013,23.488999999999805,29.065000000000055,15.345000000000027,34.565000000000055,9.926999999999907,16.97199999999998,21.99000000000001,28.304000000000087,9.963999999999942,22.376999999999953,33.940000000000055,14.575000000000045,18.73199999999997,15.642000000000053,14.144999999999982,9.721000000000004,1.0,1.0,3.0,1.0,3.0,3.0,4.0,4.0,5.0,5.0,5.0,5.0,4.0,0.0,4.0,0.0,4.0,0.0,4.0,0.0,4.0,0.0,3.0,1.0,3.0,1.0,4.0,0.0,-0.06301736348011128,-0.03755307609910699,0.6406132445324616,-0.04640671661763378,-0.024342066745675846,0.6641327012175547,-0.03417792615789633,-0.015263006720061086,0.6622931877783518,2.1208887736303903,2.4587767799125717,0.9219624780331652,0.9232008481606944,5.947357,5.796387,2081.759,256.334,0.6045328050563653,167.686,0.3954671949436348,24.468000000000018,20.998749999999973,26.077499999999986,19.33725000000004,24.67999999999995,18.619249999999965,19.59224999999998,14.560000000000002,100.0,100.0,100.0,100.0,100.0,75.0,75.0,100.0,0.04086970737289518,0.047621882254896185,0.03834723420573293,0.05171366145651517,0.040518638573744006,0.040280892087490174,0.03828044252191559,0.06868131868131867
770.2151,15.22709999999995,386.7508,300.01199999999994,24.0,8.0,94.91399999999999,58.26999999999998,89.2360000000001,59.16800000000012,79.46199999999999,63.05899999999997,76.35199999999986,51.99999999999977,17.160000000000082,6.91599999999994,29.04600000000005,20.667999999999893,19.785000000000082,13.855000000000018,8.991999999999962,17.559999999999945,19.126999999999953,14.15800000000013,35.659999999999854,24.720000000000027,19.881000000000085,7.033999999999878,22.741999999999962,12.194000000000187,19.993999999999915,16.259000000000015,21.686999999999898,24.522000000000162,7.376999999999953,22.990999999999985,17.45900000000006,18.500999999999976,19.92100000000005,16.74799999999982,29.169000000000096,15.115000000000009,8.339999999999918,15.44399999999996,12.816000000000258,15.399999999999636,4.0,3.0,8.0,2.0,5.0,5.0,6.0,6.0,5.0,7.0,7.0,6.0,2.0,2.0,3.0,1.0,4.0,0.0,3.0,1.0,3.0,1.0,2.0,2.0,3.0,1.0,4.0,0.0,-0.017286663229882992,-0.13424854023032742,0.583248275978915,-0.013066417697141584,-0.05001947592277243,0.6208841493902074,-0.010200303436788278,-0.03959414077886984,0.6206712573494345,1.9607753575977167,1.9488526788643392,0.9499162378074965,0.9549784381183111,5.677689,6.005478,2123.8080000000004,193.007,0.4954029302148893,196.589,0.5045970697851107,23.728499999999997,14.567499999999995,22.309000000000026,14.79200000000003,19.865499999999997,15.764749999999992,19.087999999999965,12.999999999999943,50.0,75.0,100.0,75.0,75.0,50.0,75.0,100.0,0.02107170701898561,0.05148446885189636,0.044824958536913304,0.05070308274743094,0.03775389494349501,0.03171632915206395,0.03929170159262371,0.07692307692307726
576.7131,3.84599999999989,643.6199000000001,300.001,20.0,12.0,154.18399999999997,130.72900000000004,134.94100000000003,92.81299999999987,99.95899999999983,70.21299999999974,79.35199999999986,74.7829999999999,17.771999999999935,47.73400000000015,44.297000000000025,32.61199999999985,43.42100000000005,31.411000000000058,14.948999999999842,44.952999999999975,27.36500000000001,37.85200000000009,41.125999999999976,31.45399999999995,19.24200000000019,24.47699999999986,34.00700000000006,18.892000000000053,24.677000000000135,17.958999999999833,38.48500000000013,23.932999999999993,19.376999999999953,19.536000000000058,18.493999999999687,15.429000000000087,26.33199999999988,15.365999999999985,21.373000000000047,19.419000000000324,19.146999999999935,21.69499999999971,12.682000000000244,21.259000000000015,1.0,1.0,6.0,1.0,3.0,4.0,5.0,3.0,4.0,3.0,4.0,6.0,1.0,3.0,4.0,0.0,2.0,2.0,3.0,1.0,3.0,1.0,3.0,1.0,3.0,1.0,1.0,3.0,-0.2145696773043408,-0.11108883134514863,0.6252725386359893,-0.14114431372699374,-0.05001803875438381,0.686570095127564,-0.12792292536140726,-0.05344434432999476,0.6963289873016174,2.0416478354126455,2.1503544294856556,0.9224382453402964,0.9199886211413183,5.014725,5.159668,2447.064,262.998,0.6576462586394871,136.91,0.34235374136051294,38.54599999999999,32.68225000000001,33.73525000000001,23.20324999999997,24.989749999999958,17.553249999999935,19.837999999999965,18.695749999999975,25.0,100.0,50.0,75.0,75.0,75.0,75.0,25.0,0.006485757277019666,0.03059764857070733,0.014821292268472884,0.032323058192279146,0.03001230504506853,0.04272713030350521,0.03780623046678099,0.013372023053367762
580.1199,7.946299999999951,426.8678,300.00700000000006,23.0,9.0,112.5920000000001,52.29600000000005,71.63400000000001,49.76599999999985,104.31400000000008,102.38499999999999,91.99000000000001,101.14099999999985,20.138999999999896,27.07400000000007,20.760999999999967,22.330999999999904,23.38000000000011,9.192000000000007,11.043999999999869,11.105999999999995,16.86500000000001,11.233000000000175,15.899999999999864,29.35200000000009,11.884000000000015,18.019000000000005,12.91599999999994,9.028999999999996,23.464999999999918,28.384000000000015,15.518000000000029,40.447000000000116,10.881999999999834,40.909000000000106,26.05399999999986,27.59900000000016,29.292999999999893,18.314000000000078,20.278999999999996,26.950000000000045,22.79399999999987,13.016000000000076,22.01299999999992,43.317999999999984,3.0,4.0,7.0,2.0,3.0,3.0,4.0,5.0,6.0,6.0,6.0,6.0,3.0,1.0,4.0,0.0,3.0,1.0,2.0,2.0,3.0,1.0,2.0,2.0,3.0,1.0,3.0,1.0,-0.05803416908326942,-0.029253934992654877,0.6593265355761518,-0.046186520910225716,-0.03904742775116905,0.6859430392962972,-0.03646429214776329,-0.04847649253389595,0.6868846912379691,2.720481209289502,2.7438441336166566,0.9319462846234844,0.936788283976598,6.15065,6.208023,2092.713,267.362,0.610513095700226,170.568,0.38948690429977395,28.148000000000025,13.074000000000012,17.908500000000004,12.441499999999962,26.07850000000002,25.596249999999998,22.997500000000002,25.285249999999962,75.0,100.0,75.0,50.0,75.0,50.0,75.0,75.0,0.026644877078300388,0.07648768548263722,0.04187955440154116,0.040188080215408234,0.028759322813812122,0.01953411144210578,0.032612240460919664,0.029661561582345484
387.7502,5.692799999999977,326.98850000000004,300.00649999999996,22.0,10.0,71.73000000000002,48.653999999999996,42.371000000000095,48.955999999999904,70.08199999999988,66.87900000000013,63.740999999999985,73.11900000000014,16.067000000000007,14.737999999999829,11.184000000000196,11.612999999999829,15.49200000000019,9.666999999999916,10.356999999999971,15.32899999999995,12.980000000000018,13.00500000000011,8.17899999999986,12.416000000000167,12.016999999999825,9.819000000000187,15.491999999999962,14.711000000000013,13.77599999999984,18.968000000000075,10.118999999999915,29.326999999999998,11.97400000000016,11.659999999999854,19.66800000000012,26.951000000000022,18.499000000000024,21.66300000000001,13.754999999999882,11.560999999999922,15.769999999999982,9.851000000000113,29.993999999999915,17.504000000000133,3.0,1.0,7.0,3.0,3.0,4.0,4.0,4.0,6.0,6.0,7.0,8.0,3.0,1.0,4.0,0.0,3.0,1.0,3.0,1.0,2.0,2.0,3.0,1.0,3.0,1.0,1.0,3.0,-0.14192120982970313,-0.11352717453980204,0.6686099492315144,-0.0930713515266515,-0.028072594526982114,0.7269142938555965,-0.07871696734700893,-0.01841836900116874,0.7142226446564744,3.0653333959974707,3.5550317206636164,0.9443218818936383,0.956181403263911,6.842712,8.344391,1603.787,67.394,0.27557809081801643,177.161,0.7244219091819837,17.932500000000005,12.163499999999999,10.592750000000024,12.238999999999976,17.52049999999997,16.719750000000033,15.935249999999996,18.279750000000035,75.0,100.0,75.0,75.0,50.0,75.0,75.0,25.0,0.041823504809703045,0.08221317877255725,0.07080314365957832,0.06127951630035146,0.028537998344796145,0.0448571300408199,0.047065468066079925,0.013676335836102765
